,Node_id,sample_date,sample_values
0,38,5/05/2016,-11.42
1,38,6/05/2016,-11.37
2,38,7/05/2016,-11.42
3,38,8/05/2016,-11.35
4,38,9/05/2016,-11.17
5,38,10/05/2016,-11.17
6,38,11/05/2016,-11.32
7,38,12/05/2016,-11.35
8,38,13/05/2016,-11.34
9,38,14/05/2016,-11.47
10,38,15/05/2016,-11.32
11,38,16/05/2016,-11.27
12,38,17/05/2016,-11.25
13,38,18/05/2016,-11.17
14,38,19/05/2016,-11.1
15,38,20/05/2016,-11.17
16,38,21/05/2016,-11.17
17,38,22/05/2016,-10.97
18,38,23/05/2016,-10.97
19,38,24/05/2016,-10.97
20,38,25/05/2016,-11.07
21,38,26/05/2016,-11.27
22,38,27/05/2016,-11.27
23,38,28/05/2016,-11.07
24,38,29/05/2016,-11.17
25,38,30/05/2016,-11.57
26,38,31/05/2016,-11.47
27,38,1/09/2019,-18.53
28,38,2/09/2019,-18.44
29,38,3/09/2019,-18.36
30,38,4/09/2019,-18.51
31,38,5/09/2019,-18.4
32,38,6/09/2019,-18.46
33,38,7/09/2019,-18.24
34,38,8/09/2019,-18.31
35,38,9/09/2019,-18.29
36,38,10/09/2019,-18.41
37,38,11/09/2019,-18.44
38,38,12/09/2019,-18.22
39,38,13/09/2019,-18.14
40,38,14/09/2019,-18.41
41,38,15/09/2019,-18.64
42,38,16/09/2019,-18.63
43,38,17/09/2019,-18.61
44,38,26/09/2019,-18.61
45,38,27/09/2019,-18.53
46,38,28/09/2019,-18.66
47,38,29/09/2019,-18.56
48,38,30/09/2019,-18.51
49,38,8/06/2020,-20.37
50,38,14/06/2020,-19.87
51,38,15/06/2020,-19.93
52,38,16/06/2020,-19.95
53,38,17/06/2020,-19.99
54,38,18/06/2020,-19.93
55,38,19/06/2020,-19.82
56,38,20/06/2020,-19.78
57,38,21/06/2020,-19.86
58,38,22/06/2020,-20.07
59,38,23/06/2020,-20.11
60,38,24/06/2020,-20.07
61,38,25/06/2020,-20.12
62,38,26/06/2020,-20.07
63,38,27/06/2020,-20.07
64,38,28/06/2020,-19.99
65,38,29/06/2020,-19.98
66,38,30/06/2020,-20.04
67,38,1/07/2020,-20.01
68,38,2/07/2020,-19.96
69,38,3/07/2020,-19.9
70,38,4/07/2020,-19.88
71,38,5/07/2020,-20.0
72,38,6/07/2020,-20.06
73,38,7/07/2020,-20.15
74,38,8/07/2020,-20.37
75,38,9/07/2020,-20.39
76,38,10/07/2020,-20.17
77,38,11/07/2020,-19.97
78,38,12/07/2020,-20.07
79,38,13/07/2020,-19.93
80,38,14/07/2020,-19.99
81,38,15/07/2020,-19.73
82,38,16/07/2020,-19.61
83,38,17/07/2020,-19.73
84,38,18/07/2020,-19.82
85,38,19/07/2020,-19.96
86,38,20/07/2020,-20.05
87,38,21/07/2020,-20.04
88,38,22/07/2020,-20.01
89,38,23/07/2020,-20.03
90,38,24/07/2020,-20.1
91,38,25/07/2020,-20.02
92,38,26/07/2020,-19.99
93,38,27/07/2020,-20.08
94,38,28/07/2020,-20.16
95,38,29/07/2020,-20.07
96,38,30/07/2020,-19.94
97,38,31/07/2020,-19.77
98,38,1/08/2020,-19.89
99,38,2/08/2020,-19.91
100,38,3/08/2020,-19.87
101,38,4/08/2020,-19.99
102,38,5/08/2020,-19.8
103,38,6/08/2020,-19.84
104,38,7/08/2020,-20.06
105,38,8/08/2020,-19.9
106,38,9/08/2020,-19.91
107,38,10/08/2020,-20.11
108,38,11/08/2020,-19.89
109,38,12/08/2020,-19.89
110,38,13/08/2020,-20.07
111,38,14/08/2020,-20.35
112,38,15/08/2020,-20.25
113,38,16/08/2020,-20.29
114,38,17/08/2020,-20.02
115,38,18/08/2020,-20.01
116,38,19/08/2020,-20.22
117,38,20/08/2020,-20.21
118,38,21/08/2020,-20.14
119,38,22/08/2020,-20.17
120,38,23/08/2020,-20.38
121,38,24/08/2020,-20.45
122,38,25/08/2020,-20.22
123,38,26/08/2020,-20.1
124,38,27/08/2020,-20.1
125,38,28/08/2020,-20.19
126,38,29/08/2020,-20.05
127,38,30/08/2020,-19.97
128,38,31/08/2020,-20.09
129,38,1/09/2020,-20.36
130,38,2/09/2020,-20.24
131,38,3/09/2020,-20.18
132,38,4/09/2020,-19.88
133,38,5/09/2020,-20.03
134,38,6/09/2020,-20.51
135,38,7/09/2020,-20.41
136,38,8/09/2020,-20.12
137,38,9/09/2020,-20.07
138,38,10/09/2020,-20.22
139,38,11/09/2020,-20.39
140,38,12/09/2020,-20.17
141,38,13/09/2020,-20.02
142,38,14/09/2020,-20.13
143,38,15/09/2020,-20.07
144,38,16/09/2020,-20.08
145,38,17/09/2020,-20.31
146,38,18/09/2020,-20.16
147,38,19/09/2020,-20.22
148,38,20/09/2020,-20.2
149,38,21/09/2020,-20.36
150,38,22/09/2020,-20.18
151,38,23/09/2020,-20.26
152,38,24/09/2020,-20.35
153,38,25/09/2020,-20.25
154,38,26/09/2020,-20.35
155,38,27/09/2020,-20.33
156,38,28/09/2020,-20.22
157,38,29/09/2020,-20.28
158,38,30/09/2020,-20.29
159,38,1/10/2020,-20.25
160,38,2/10/2020,-20.25
161,38,3/10/2020,-20.24
162,38,4/10/2020,-20.35
163,38,5/10/2020,-20.33
164,38,6/10/2020,-20.43
165,38,7/10/2020,-20.48
166,38,8/10/2020,-20.35
167,38,9/10/2020,-20.2
168,38,10/10/2020,-20.24
169,38,11/10/2020,-20.41
170,38,12/10/2020,-20.44
171,38,13/10/2020,-20.39
172,38,14/10/2020,-20.55
173,38,15/10/2020,-20.39
174,38,16/10/2020,-20.4
175,38,17/10/2020,-20.46
176,38,18/10/2020,-20.64
177,38,19/10/2020,-20.6
178,38,20/10/2020,-20.58
179,38,21/10/2020,-20.66
180,38,22/10/2020,-20.35
181,38,23/10/2020,-20.29
182,38,24/10/2020,-20.57
183,38,25/10/2020,-20.71
184,38,26/10/2020,-20.83
185,38,27/10/2020,-20.73
186,38,28/10/2020,-20.76
187,38,29/10/2020,-20.4
188,38,30/10/2020,-20.43
189,38,31/10/2020,-20.54
190,38,1/11/2020,-20.79
191,38,2/11/2020,-20.77
192,38,3/11/2020,-20.55
193,38,4/11/2020,-20.65
194,38,5/11/2020,-20.64
195,38,6/11/2020,-20.52
196,38,7/11/2020,-20.53
197,38,8/11/2020,-20.36
198,38,9/11/2020,-20.34
199,38,10/11/2020,-20.56
200,38,11/11/2020,-20.74
201,38,12/11/2020,-20.82
202,38,13/11/2020,-20.57
203,38,14/11/2020,-20.69
204,38,15/11/2020,-20.81
205,38,16/11/2020,-20.71
206,38,17/11/2020,-20.75
207,38,18/11/2020,-20.84
208,38,19/11/2020,-20.89
209,38,20/11/2020,-20.86
210,38,21/11/2020,-20.87
211,38,22/11/2020,-20.83
212,38,23/11/2020,-20.65
213,38,24/11/2020,-20.65
214,38,25/11/2020,-20.79
215,38,26/11/2020,-20.86
216,38,27/11/2020,-20.76
217,38,28/11/2020,-20.79
218,38,29/11/2020,-20.85
219,38,30/11/2020,-20.75
220,38,1/12/2020,-20.81
221,38,2/12/2020,-21.06
222,38,3/12/2020,-20.91
223,38,4/12/2020,-20.85
224,38,5/12/2020,-20.88
225,38,6/12/2020,-20.82
226,38,7/12/2020,-20.74
227,38,8/12/2020,-20.72
228,38,9/12/2020,-20.86
229,38,10/12/2020,-20.91
230,38,11/12/2020,-20.81
231,38,12/12/2020,-20.9
232,38,13/12/2020,-21.14
233,38,14/12/2020,-21.03
234,38,15/12/2020,-21.03
235,38,16/12/2020,-21.1
236,38,17/12/2020,-21.13
237,38,18/12/2020,-21.15
238,38,19/12/2020,-21.17
239,38,20/12/2020,-21.16
240,38,21/12/2020,-21.11
241,38,22/12/2020,-21.04
242,38,23/12/2020,-21.01
243,38,24/12/2020,-21.27
244,38,25/12/2020,-21.32
245,38,26/12/2020,-21.31
246,38,27/12/2020,-21.33
247,38,28/12/2020,-21.42
248,38,29/12/2020,-21.26
249,38,30/12/2020,-21.25
250,38,31/12/2020,-21.25
251,38,1/01/2021,-21.36
252,38,2/01/2021,-21.42
253,38,3/01/2021,-21.28
254,38,4/01/2021,-21.32
255,38,5/01/2021,-21.23
256,38,6/01/2021,-21.28
257,38,7/01/2021,-21.31
258,38,8/01/2021,-21.39
259,38,9/01/2021,-21.36
260,38,10/01/2021,-21.49
261,38,11/01/2021,-21.39
262,38,12/01/2021,-21.34
263,38,13/01/2021,-21.35
264,38,14/01/2021,-21.35
265,38,15/01/2021,-21.36
266,38,16/01/2021,-21.43
267,38,17/01/2021,-21.41
268,38,18/01/2021,-21.4
269,38,19/01/2021,-21.45
270,38,20/01/2021,-21.39
271,38,21/01/2021,-21.36
272,38,22/01/2021,-21.56
273,38,23/01/2021,-21.53
274,38,24/01/2021,-21.44
275,38,25/01/2021,-21.42
276,38,26/01/2021,-21.45
277,38,27/01/2021,-21.45
278,38,28/01/2021,-21.53
279,38,29/01/2021,-21.4
280,38,30/01/2021,-21.49
281,38,31/01/2021,-21.61
282,38,1/02/2021,-21.42
283,38,2/02/2021,-21.38
284,38,3/02/2021,-21.37
285,38,4/02/2021,-21.37
286,38,5/02/2021,-21.48
287,38,6/02/2021,-21.57
288,38,7/02/2021,-21.79
289,38,8/02/2021,-21.83
290,38,9/02/2021,-21.76
291,38,10/02/2021,-21.71
292,38,11/02/2021,-21.7
293,38,12/02/2021,-21.75
294,38,13/02/2021,-21.66
295,38,14/02/2021,-21.57
296,38,15/02/2021,-21.57
297,38,16/02/2021,-21.7
298,38,17/02/2021,-21.7
299,38,18/02/2021,-21.7
300,38,19/02/2021,-21.61
301,38,20/02/2021,-21.63
302,38,21/02/2021,-21.65
303,38,22/02/2021,-21.54
304,38,23/02/2021,-21.42
305,38,24/02/2021,-21.69
306,38,25/02/2021,-21.84
307,38,26/02/2021,-21.65
308,38,27/02/2021,-21.74
309,38,28/02/2021,-21.87
310,38,1/03/2021,-21.8
311,38,2/03/2021,-21.75
312,38,3/03/2021,-21.82
313,38,4/03/2021,-21.9
314,38,5/03/2021,-21.87
315,38,6/03/2021,-21.72
316,38,7/03/2021,-21.68
317,38,8/03/2021,-21.7
318,38,9/03/2021,-21.82
319,38,10/03/2021,-21.79
320,38,11/03/2021,-21.92
321,38,12/03/2021,-22.03
322,38,13/03/2021,-21.79
323,38,14/03/2021,-21.81
324,38,15/03/2021,-21.93
325,38,16/03/2021,-21.93
326,38,17/03/2021,-21.79
327,38,18/03/2021,-21.81
328,38,19/03/2021,-21.85
329,38,20/03/2021,-21.8
330,39,5/05/2016,23.57
331,39,6/05/2016,23.54
332,39,7/05/2016,23.54
333,39,8/05/2016,23.52
334,39,9/05/2016,23.57
335,39,10/05/2016,23.63
336,39,11/05/2016,23.61
337,39,12/05/2016,23.59
338,39,13/05/2016,23.57
339,39,14/05/2016,23.54
340,39,15/05/2016,23.52
341,39,16/05/2016,23.63
342,39,17/05/2016,23.61
343,39,18/05/2016,23.68
344,39,19/05/2016,23.65
345,39,20/05/2016,23.65
346,39,21/05/2016,23.65
347,39,22/05/2016,23.74
348,39,23/05/2016,23.74
349,39,24/05/2016,23.83
350,39,25/05/2016,23.83
351,39,26/05/2016,23.83
352,39,27/05/2016,23.83
353,39,28/05/2016,23.83
354,39,29/05/2016,23.83
355,39,30/05/2016,23.74
356,39,31/05/2016,23.74
357,39,1/09/2019,12.57
358,39,2/09/2019,12.57
359,39,3/09/2019,12.57
360,39,4/09/2019,12.61
361,39,5/09/2019,12.6
362,39,6/09/2019,12.57
363,39,7/09/2019,12.66
364,39,8/09/2019,12.66
365,39,9/09/2019,12.77
366,39,10/09/2019,12.7
367,39,11/09/2019,12.69
368,39,12/09/2019,12.89
369,39,13/09/2019,12.9
370,39,14/09/2019,12.88
371,39,15/09/2019,12.79
372,39,16/09/2019,12.66
373,39,17/09/2019,12.59
374,39,26/09/2019,13.14
375,39,27/09/2019,13.19
376,39,28/09/2019,13.19
377,39,29/09/2019,13.19
378,39,30/09/2019,13.19
379,39,8/06/2020,12.83
380,39,14/06/2020,12.92
381,39,15/06/2020,12.92
382,39,16/06/2020,12.86
383,39,17/06/2020,12.83
384,39,18/06/2020,12.88
385,39,19/06/2020,12.97
386,39,20/06/2020,13.01
387,39,21/06/2020,13.01
388,39,22/06/2020,12.89
389,39,23/06/2020,12.83
390,39,24/06/2020,12.85
391,39,25/06/2020,12.81
392,39,26/06/2020,12.8
393,39,27/06/2020,12.82
394,39,28/06/2020,12.92
395,39,29/06/2020,12.96
396,39,30/06/2020,12.97
397,39,1/07/2020,13.0
398,39,2/07/2020,13.08
399,39,3/07/2020,13.2
400,39,4/07/2020,13.32
401,39,5/07/2020,13.37
402,39,6/07/2020,13.4
403,39,7/07/2020,13.45
404,39,8/07/2020,13.41
405,39,9/07/2020,13.45
406,39,10/07/2020,13.56
407,39,11/07/2020,13.79
408,39,12/07/2020,13.79
409,39,13/07/2020,13.91
410,39,14/07/2020,13.95
411,39,15/07/2020,14.05
412,39,16/07/2020,14.19
413,39,17/07/2020,14.22
414,39,18/07/2020,14.24
415,39,19/07/2020,14.19
416,39,20/07/2020,14.13
417,39,21/07/2020,14.14
418,39,22/07/2020,14.17
419,39,23/07/2020,14.2
420,39,24/07/2020,14.19
421,39,25/07/2020,14.18
422,39,26/07/2020,14.14
423,39,27/07/2020,14.06
424,39,28/07/2020,13.94
425,39,29/07/2020,13.87
426,39,30/07/2020,13.87
427,39,31/07/2020,13.88
428,39,1/08/2020,13.78
429,39,2/08/2020,13.67
430,39,3/08/2020,13.62
431,39,4/08/2020,13.52
432,39,5/08/2020,13.44
433,39,6/08/2020,13.38
434,39,7/08/2020,13.18
435,39,8/08/2020,13.12
436,39,9/08/2020,13.07
437,39,10/08/2020,12.92
438,39,11/08/2020,12.9
439,39,12/08/2020,12.86
440,39,13/08/2020,12.8
441,39,14/08/2020,12.62
442,39,15/08/2020,12.55
443,39,16/08/2020,12.51
444,39,17/08/2020,12.54
445,39,18/08/2020,12.59
446,39,19/08/2020,12.48
447,39,20/08/2020,12.44
448,39,21/08/2020,12.43
449,39,22/08/2020,12.4
450,39,23/08/2020,12.34
451,39,24/08/2020,12.36
452,39,25/08/2020,12.44
453,39,26/08/2020,12.5
454,39,27/08/2020,12.5
455,39,28/08/2020,12.42
456,39,29/08/2020,12.42
457,39,30/08/2020,12.44
458,39,31/08/2020,12.36
459,39,1/09/2020,12.17
460,39,2/09/2020,12.08
461,39,3/09/2020,11.98
462,39,4/09/2020,12.03
463,39,5/09/2020,11.98
464,39,6/09/2020,11.67
465,39,7/09/2020,11.51
466,39,8/09/2020,11.56
467,39,9/09/2020,11.51
468,39,10/09/2020,11.37
469,39,11/09/2020,11.21
470,39,12/09/2020,11.15
471,39,13/09/2020,11.18
472,39,14/09/2020,11.06
473,39,15/09/2020,10.98
474,39,16/09/2020,10.95
475,39,17/09/2020,10.8
476,39,18/09/2020,10.75
477,39,19/09/2020,10.69
478,39,20/09/2020,10.7
479,39,21/09/2020,10.61
480,39,22/09/2020,10.6
481,39,23/09/2020,10.61
482,39,24/09/2020,10.55
483,39,25/09/2020,10.56
484,39,26/09/2020,10.56
485,39,27/09/2020,10.52
486,39,28/09/2020,10.53
487,39,29/09/2020,10.53
488,39,30/09/2020,10.49
489,39,1/10/2020,10.52
490,39,2/10/2020,10.52
491,39,3/10/2020,10.51
492,39,4/10/2020,10.48
493,39,5/10/2020,10.46
494,39,6/10/2020,10.44
495,39,7/10/2020,10.39
496,39,8/10/2020,10.39
497,39,9/10/2020,10.43
498,39,10/10/2020,10.46
499,39,11/10/2020,10.39
500,39,12/10/2020,10.35
501,39,13/10/2020,10.36
502,39,14/10/2020,10.31
503,39,15/10/2020,10.35
504,39,16/10/2020,10.36
505,39,17/10/2020,10.43
506,39,18/10/2020,10.49
507,39,19/10/2020,10.6
508,39,20/10/2020,10.77
509,39,21/10/2020,10.88
510,39,22/10/2020,11.14
511,39,23/10/2020,11.36
512,39,24/10/2020,11.43
513,39,25/10/2020,11.51
514,39,26/10/2020,11.59
515,39,27/10/2020,11.76
516,39,28/10/2020,11.89
517,39,29/10/2020,12.19
518,39,30/10/2020,12.35
519,39,31/10/2020,12.46
520,39,1/11/2020,12.46
521,39,2/11/2020,12.54
522,39,3/11/2020,12.77
523,39,4/11/2020,12.91
524,39,5/11/2020,13.0
525,39,6/11/2020,13.18
526,39,7/11/2020,13.31
527,39,8/11/2020,13.47
528,39,9/11/2020,13.64
529,39,10/11/2020,13.63
530,39,11/11/2020,13.65
531,39,12/11/2020,13.68
532,39,13/11/2020,13.85
533,39,14/11/2020,13.96
534,39,15/11/2020,13.98
535,39,16/11/2020,14.06
536,39,17/11/2020,14.16
537,39,18/11/2020,14.21
538,39,19/11/2020,14.26
539,39,20/11/2020,14.33
540,39,21/11/2020,14.43
541,39,22/11/2020,14.52
542,39,23/11/2020,14.66
543,39,24/11/2020,14.81
544,39,25/11/2020,14.82
545,39,26/11/2020,14.84
546,39,27/11/2020,14.91
547,39,28/11/2020,15.01
548,39,29/11/2020,15.04
549,39,30/11/2020,15.12
550,39,1/12/2020,15.21
551,39,2/12/2020,15.15
552,39,3/12/2020,15.24
553,39,4/12/2020,15.36
554,39,5/12/2020,15.41
555,39,6/12/2020,15.48
556,39,7/12/2020,15.59
557,39,8/12/2020,15.69
558,39,9/12/2020,15.71
559,39,10/12/2020,15.72
560,39,11/12/2020,15.8
561,39,12/12/2020,15.86
562,39,13/12/2020,15.79
563,39,14/12/2020,15.85
564,39,15/12/2020,15.91
565,39,16/12/2020,15.93
566,39,17/12/2020,15.96
567,39,18/12/2020,16.0
568,39,19/12/2020,16.02
569,39,20/12/2020,16.09
570,39,21/12/2020,16.15
571,39,22/12/2020,16.23
572,39,23/12/2020,16.33
573,39,24/12/2020,16.3
574,39,25/12/2020,16.25
575,39,26/12/2020,16.27
576,39,27/12/2020,16.33
577,39,28/12/2020,16.31
578,39,29/12/2020,16.39
579,39,30/12/2020,16.48
580,39,31/12/2020,16.55
581,39,1/01/2021,16.56
582,39,2/01/2021,16.55
583,39,3/01/2021,16.65
584,39,4/01/2021,16.72
585,39,5/01/2021,16.8
586,39,6/01/2021,16.86
587,39,7/01/2021,16.87
588,39,8/01/2021,16.89
589,39,9/01/2021,16.91
590,39,10/01/2021,16.92
591,39,11/01/2021,16.94
592,39,12/01/2021,17.02
593,39,13/01/2021,17.07
594,39,14/01/2021,17.13
595,39,15/01/2021,17.16
596,39,16/01/2021,17.18
597,39,17/01/2021,17.2
598,39,18/01/2021,17.24
599,39,19/01/2021,17.26
600,39,20/01/2021,17.3
601,39,21/01/2021,17.38
602,39,22/01/2021,17.37
603,39,23/01/2021,17.34
604,39,24/01/2021,17.41
605,39,25/01/2021,17.49
606,39,26/01/2021,17.52
607,39,27/01/2021,17.55
608,39,28/01/2021,17.55
609,39,29/01/2021,17.63
610,39,30/01/2021,17.66
611,39,31/01/2021,17.63
612,39,1/02/2021,17.69
613,39,2/02/2021,17.79
614,39,3/02/2021,17.85
615,39,4/02/2021,17.92
616,39,5/02/2021,17.92
617,39,6/02/2021,17.89
618,39,7/02/2021,17.81
619,39,8/02/2021,17.76
620,39,9/02/2021,17.81
621,39,10/02/2021,17.88
622,39,11/02/2021,17.94
623,39,12/02/2021,17.94
624,39,13/02/2021,17.99
625,39,14/02/2021,18.07
626,39,15/02/2021,18.13
627,39,16/02/2021,18.13
628,39,17/02/2021,18.13
629,39,18/02/2021,18.18
630,39,19/02/2021,18.21
631,39,20/02/2021,18.28
632,39,21/02/2021,18.29
633,39,22/02/2021,18.34
634,39,23/02/2021,18.46
635,39,24/02/2021,18.41
636,39,25/02/2021,18.32
637,39,26/02/2021,18.37
638,39,27/02/2021,18.4
639,39,28/02/2021,18.38
640,39,1/03/2021,18.39
641,39,2/03/2021,18.45
642,39,3/03/2021,18.48
643,39,4/03/2021,18.45
644,39,5/03/2021,18.46
645,39,6/03/2021,18.52
646,39,7/03/2021,18.6
647,39,8/03/2021,18.64
648,39,9/03/2021,18.58
649,39,10/03/2021,18.63
650,39,11/03/2021,18.56
651,39,12/03/2021,18.54
652,39,13/03/2021,18.6
653,39,14/03/2021,18.7
654,39,15/03/2021,18.65
655,39,16/03/2021,18.65
656,39,17/03/2021,18.74
657,39,18/03/2021,18.72
658,39,19/03/2021,18.75
659,39,20/03/2021,18.74
660,40,5/05/2016,-10.92
661,40,6/05/2016,-10.89
662,40,7/05/2016,-10.94
663,40,8/05/2016,-10.84
664,40,9/05/2016,-10.72
665,40,10/05/2016,-10.72
666,40,11/05/2016,-10.92
667,40,12/05/2016,-10.89
668,40,13/05/2016,-10.87
669,40,14/05/2016,-10.92
670,40,15/05/2016,-10.89
671,40,16/05/2016,-10.79
672,40,17/05/2016,-10.77
673,40,18/05/2016,-10.72
674,40,19/05/2016,-10.65
675,40,20/05/2016,-10.72
676,40,21/05/2016,-10.72
677,40,22/05/2016,-10.72
678,40,23/05/2016,-10.62
679,40,24/05/2016,-10.62
680,40,25/05/2016,-10.62
681,40,26/05/2016,-10.92
682,40,27/05/2016,-10.82
683,40,28/05/2016,-10.72
684,40,29/05/2016,-10.82
685,40,30/05/2016,-11.02
686,40,31/05/2016,-11.12
687,40,11/07/2017,-14.404
688,40,12/07/2017,-14.105
689,40,13/07/2017,-14.105
690,40,14/07/2017,-14.404
691,40,15/07/2017,-14.404
692,40,17/07/2017,-14.105
693,40,18/07/2017,-14.105
694,40,19/07/2017,-14.005
695,40,20/07/2017,-14.105
696,40,21/07/2017,-14.305
697,40,22/07/2017,-14.404
698,40,23/07/2017,-14.205
699,40,24/07/2017,-14.404
700,40,25/07/2017,-14.105
701,40,26/07/2017,-14.305
702,40,27/07/2017,-14.305
703,40,28/07/2017,-14.205
704,40,29/07/2017,-14.205
705,40,30/07/2017,-14.205
706,40,31/07/2017,-14.504
707,40,1/08/2017,-14.205
708,40,2/08/2017,-14.105
709,40,3/08/2017,-14.205
710,40,4/08/2017,-14.404
711,40,5/08/2017,-14.404
712,40,6/08/2017,-14.305
713,40,7/08/2017,-14.305
714,40,8/08/2017,-14.305
715,40,9/08/2017,-14.205
716,40,10/08/2017,-14.305
717,40,11/08/2017,-14.205
718,40,12/08/2017,-14.305
719,40,13/08/2017,-14.205
720,40,14/08/2017,-14.404
721,40,15/08/2017,-14.404
722,40,16/08/2017,-14.504
723,40,18/08/2017,-14.903
724,40,19/08/2017,-14.704
725,40,20/08/2017,-14.404
726,40,21/08/2017,-14.404
727,40,22/08/2017,-14.404
728,40,23/08/2017,-14.704
729,40,24/08/2017,-14.603
730,40,26/08/2017,-14.603
731,40,27/08/2017,-14.803
732,40,28/08/2017,-14.704
733,40,29/08/2017,-14.404
734,40,31/08/2017,-14.504
735,40,1/09/2017,-14.603
736,40,2/09/2017,-14.504
737,40,3/09/2017,-14.803
738,40,4/09/2017,-14.704
739,40,5/09/2017,-14.504
740,40,6/09/2017,-14.305
741,40,7/09/2017,-14.305
742,40,8/09/2017,-14.704
743,40,9/09/2017,-14.803
744,40,10/09/2017,-14.603
745,40,12/09/2017,-15.002
746,40,13/09/2017,-14.704
747,40,15/09/2017,-14.504
748,40,16/09/2017,-14.603
749,40,17/09/2017,-14.704
750,40,18/09/2017,-14.603
751,40,19/09/2017,-14.504
752,40,20/09/2017,-14.704
753,40,21/09/2017,-14.903
754,40,22/09/2017,-14.603
755,40,23/09/2017,-14.903
756,40,24/09/2017,-14.903
757,40,25/09/2017,-14.704
758,40,26/09/2017,-14.903
759,40,27/09/2017,-15.002
760,40,28/09/2017,-14.803
761,40,29/09/2017,-14.704
762,40,1/10/2017,-14.903
763,40,2/10/2017,-15.002
764,40,3/10/2017,-15.002
765,40,4/10/2017,-14.704
766,40,5/10/2017,-14.603
767,40,6/10/2017,-15.103
768,40,7/10/2017,-14.803
769,40,8/10/2017,-14.903
770,40,9/10/2017,-15.002
771,40,10/10/2017,-15.002
772,40,11/10/2017,-15.103
773,40,12/10/2017,-15.002
774,40,13/10/2017,-14.803
775,40,14/10/2017,-14.603
776,40,15/10/2017,-14.603
777,40,16/10/2017,-14.803
778,40,17/10/2017,-14.903
779,40,18/10/2017,-15.103
780,40,19/10/2017,-14.704
781,40,20/10/2017,-14.803
782,40,21/10/2017,-14.704
783,40,22/10/2017,-14.803
784,40,23/10/2017,-14.803
785,40,24/10/2017,-15.002
786,40,25/10/2017,-14.903
787,40,26/10/2017,-15.103
788,40,27/10/2017,-15.002
789,40,28/10/2017,-15.202
790,40,29/10/2017,-15.302
791,40,30/10/2017,-15.202
792,40,31/10/2017,-14.903
793,40,1/09/2019,-18.26
794,40,2/09/2019,-18.27
795,40,3/09/2019,-18.16
796,40,4/09/2019,-18.3
797,40,5/09/2019,-18.23
798,40,6/09/2019,-18.25
799,40,7/09/2019,-18.07
800,40,8/09/2019,-18.1
801,40,9/09/2019,-18.07
802,40,10/09/2019,-18.2
803,40,11/09/2019,-18.22
804,40,12/09/2019,-17.98
805,40,13/09/2019,-17.95
806,40,14/09/2019,-18.23
807,40,15/09/2019,-18.4
808,40,16/09/2019,-18.43
809,40,17/09/2019,-18.47
810,40,26/09/2019,-18.5
811,40,27/09/2019,-18.3
812,40,28/09/2019,-18.4
813,40,29/09/2019,-18.5
814,40,30/09/2019,-18.27
815,40,8/06/2020,-19.83
816,40,14/06/2020,-19.25
817,40,15/06/2020,-19.29
818,40,16/06/2020,-19.32
819,40,17/06/2020,-19.35
820,40,18/06/2020,-19.3
821,40,19/06/2020,-19.17
822,40,20/06/2020,-19.15
823,40,21/06/2020,-19.23
824,40,22/06/2020,-19.45
825,40,23/06/2020,-19.47
826,40,24/06/2020,-19.44
827,40,25/06/2020,-19.5
828,40,26/06/2020,-19.47
829,40,27/06/2020,-19.44
830,40,28/06/2020,-19.41
831,40,29/06/2020,-19.38
832,40,30/06/2020,-19.44
833,40,1/07/2020,-19.4
834,40,2/07/2020,-19.37
835,40,3/07/2020,-19.3
836,40,4/07/2020,-19.27
837,40,5/07/2020,-19.41
838,40,6/07/2020,-19.48
839,40,7/07/2020,-19.56
840,40,8/07/2020,-19.8
841,40,9/07/2020,-19.8
842,40,10/07/2020,-19.59
843,40,11/07/2020,-19.4
844,40,12/07/2020,-19.5
845,40,13/07/2020,-19.35
846,40,14/07/2020,-19.42
847,40,15/07/2020,-19.17
848,40,16/07/2020,-19.06
849,40,17/07/2020,-19.16
850,40,18/07/2020,-19.27
851,40,19/07/2020,-19.39
852,40,20/07/2020,-19.51
853,40,21/07/2020,-19.5
854,40,22/07/2020,-19.45
855,40,23/07/2020,-19.49
856,40,24/07/2020,-19.53
857,40,25/07/2020,-19.48
858,40,26/07/2020,-19.45
859,40,27/07/2020,-19.54
860,40,28/07/2020,-19.62
861,40,29/07/2020,-19.54
862,40,30/07/2020,-19.38
863,40,31/07/2020,-19.24
864,40,1/08/2020,-19.35
865,40,2/08/2020,-19.39
866,40,3/08/2020,-19.34
867,40,4/08/2020,-19.46
868,40,5/08/2020,-19.29
869,40,6/08/2020,-19.32
870,40,7/08/2020,-19.54
871,40,8/08/2020,-19.37
872,40,9/08/2020,-19.38
873,40,10/08/2020,-19.57
874,40,11/08/2020,-19.36
875,40,12/08/2020,-19.36
876,40,13/08/2020,-19.55
877,40,14/08/2020,-19.86
878,40,15/08/2020,-19.74
879,40,16/08/2020,-19.77
880,40,17/08/2020,-19.5
881,40,18/08/2020,-19.49
882,40,19/08/2020,-19.71
883,40,20/08/2020,-19.7
884,40,21/08/2020,-19.63
885,40,22/08/2020,-19.64
886,40,23/08/2020,-19.86
887,40,24/08/2020,-19.96
888,40,25/08/2020,-19.7
889,40,26/08/2020,-19.59
890,40,27/08/2020,-19.62
891,40,28/08/2020,-19.69
892,40,29/08/2020,-19.53
893,40,30/08/2020,-19.45
894,40,31/08/2020,-19.58
895,40,1/09/2020,-19.85
896,40,2/09/2020,-19.75
897,40,3/09/2020,-19.69
898,40,4/09/2020,-19.37
899,40,5/09/2020,-19.52
900,40,6/09/2020,-20.02
901,40,7/09/2020,-19.92
902,40,8/09/2020,-19.61
903,40,9/09/2020,-19.59
904,40,10/09/2020,-19.73
905,40,11/09/2020,-19.91
906,40,12/09/2020,-19.68
907,40,13/09/2020,-19.54
908,40,14/09/2020,-19.63
909,40,15/09/2020,-19.6
910,40,16/09/2020,-19.6
911,40,17/09/2020,-19.8
912,40,18/09/2020,-19.67
913,40,19/09/2020,-19.73
914,40,20/09/2020,-19.69
915,40,21/09/2020,-19.85
916,40,22/09/2020,-19.69
917,40,23/09/2020,-19.74
918,40,24/09/2020,-19.84
919,40,25/09/2020,-19.71
920,40,26/09/2020,-19.82
921,40,27/09/2020,-19.79
922,40,28/09/2020,-19.71
923,40,29/09/2020,-19.75
924,40,30/09/2020,-19.79
925,40,1/10/2020,-19.74
926,40,2/10/2020,-19.73
927,40,3/10/2020,-19.69
928,40,4/10/2020,-19.82
929,40,5/10/2020,-19.78
930,40,6/10/2020,-19.89
931,40,7/10/2020,-19.95
932,40,8/10/2020,-19.79
933,40,9/10/2020,-19.64
934,40,10/10/2020,-19.7
935,40,11/10/2020,-19.89
936,40,12/10/2020,-19.91
937,40,13/10/2020,-19.84
938,40,14/10/2020,-19.98
939,40,15/10/2020,-19.81
940,40,16/10/2020,-19.85
941,40,17/10/2020,-19.91
942,40,18/10/2020,-20.11
943,40,19/10/2020,-20.04
944,40,20/10/2020,-20.03
945,40,21/10/2020,-20.09
946,40,22/10/2020,-19.78
947,40,23/10/2020,-19.71
948,40,24/10/2020,-20.0
949,40,25/10/2020,-20.15
950,40,26/10/2020,-20.26
951,40,27/10/2020,-20.15
952,40,28/10/2020,-20.18
953,40,29/10/2020,-19.81
954,40,30/10/2020,-19.83
955,40,31/10/2020,-19.93
956,40,1/11/2020,-20.2
957,40,2/11/2020,-20.17
958,40,3/11/2020,-19.93
959,40,4/11/2020,-20.02
960,40,5/11/2020,-20.01
961,40,6/11/2020,-19.88
962,40,7/11/2020,-19.87
963,40,8/11/2020,-19.72
964,40,9/11/2020,-19.67
965,40,10/11/2020,-19.91
966,40,11/11/2020,-20.07
967,40,12/11/2020,-20.14
968,40,13/11/2020,-19.91
969,40,14/11/2020,-20.01
970,40,15/11/2020,-20.12
971,40,16/11/2020,-20.04
972,40,17/11/2020,-20.07
973,40,18/11/2020,-20.14
974,40,19/11/2020,-20.22
975,40,20/11/2020,-20.18
976,40,21/11/2020,-20.18
977,40,22/11/2020,-20.13
978,40,23/11/2020,-19.94
979,40,24/11/2020,-19.93
980,40,25/11/2020,-20.08
981,40,26/11/2020,-20.14
982,40,27/11/2020,-20.03
983,40,28/11/2020,-20.06
984,40,29/11/2020,-20.12
985,40,30/11/2020,-20.02
986,40,1/12/2020,-20.08
987,40,2/12/2020,-20.32
988,40,3/12/2020,-20.17
989,40,4/12/2020,-20.09
990,40,5/12/2020,-20.15
991,40,6/12/2020,-20.05
992,40,7/12/2020,-19.96
993,40,8/12/2020,-19.95
994,40,9/12/2020,-20.08
995,40,10/12/2020,-20.13
996,40,11/12/2020,-20.02
997,40,12/12/2020,-20.12
998,40,13/12/2020,-20.35
999,40,14/12/2020,-20.24
1000,40,15/12/2020,-20.24
1001,40,16/12/2020,-20.32
1002,40,17/12/2020,-20.34
1003,40,18/12/2020,-20.36
1004,40,19/12/2020,-20.36
1005,40,20/12/2020,-20.34
1006,40,21/12/2020,-20.3
1007,40,22/12/2020,-20.21
1008,40,23/12/2020,-20.2
1009,40,24/12/2020,-20.44
1010,40,25/12/2020,-20.5
1011,40,26/12/2020,-20.49
1012,40,27/12/2020,-20.51
1013,40,28/12/2020,-20.6
1014,40,29/12/2020,-20.42
1015,40,30/12/2020,-20.4
1016,40,31/12/2020,-20.4
1017,40,1/01/2021,-20.5
1018,40,2/01/2021,-20.57
1019,40,3/01/2021,-20.43
1020,40,4/01/2021,-20.48
1021,40,5/01/2021,-20.36
1022,40,6/01/2021,-20.39
1023,40,7/01/2021,-20.44
1024,40,8/01/2021,-20.51
1025,40,9/01/2021,-20.49
1026,40,10/01/2021,-20.61
1027,40,11/01/2021,-20.5
1028,40,12/01/2021,-20.46
1029,40,13/01/2021,-20.46
1030,40,14/01/2021,-20.44
1031,40,15/01/2021,-20.45
1032,40,16/01/2021,-20.54
1033,40,17/01/2021,-20.51
1034,40,18/01/2021,-20.49
1035,40,19/01/2021,-20.55
1036,40,20/01/2021,-20.48
1037,40,21/01/2021,-20.43
1038,40,22/01/2021,-20.66
1039,40,23/01/2021,-20.59
1040,40,24/01/2021,-20.49
1041,40,25/01/2021,-20.5
1042,40,26/01/2021,-20.51
1043,40,27/01/2021,-20.51
1044,40,28/01/2021,-20.61
1045,40,29/01/2021,-20.45
1046,40,30/01/2021,-20.55
1047,40,31/01/2021,-20.64
1048,40,1/02/2021,-20.44
1049,40,2/02/2021,-20.4
1050,40,3/02/2021,-20.39
1051,40,4/02/2021,-20.37
1052,40,5/02/2021,-20.49
1053,40,6/02/2021,-20.6
1054,40,7/02/2021,-20.81
1055,40,8/02/2021,-20.86
1056,40,9/02/2021,-20.75
1057,40,10/02/2021,-20.71
1058,40,11/02/2021,-20.69
1059,40,12/02/2021,-20.74
1060,40,13/02/2021,-20.65
1061,40,14/02/2021,-20.56
1062,40,15/02/2021,-20.54
1063,40,16/02/2021,-20.69
1064,40,17/02/2021,-20.68
1065,40,18/02/2021,-20.67
1066,40,19/02/2021,-20.59
1067,40,20/02/2021,-20.61
1068,40,21/02/2021,-20.62
1069,40,22/02/2021,-20.5
1070,40,23/02/2021,-20.37
1071,40,24/02/2021,-20.65
1072,40,25/02/2021,-20.8
1073,40,26/02/2021,-20.6
1074,40,27/02/2021,-20.7
1075,40,28/02/2021,-20.84
1076,40,1/03/2021,-20.76
1077,40,2/03/2021,-20.7
1078,40,3/03/2021,-20.77
1079,40,4/03/2021,-20.87
1080,40,5/03/2021,-20.82
1081,40,6/03/2021,-20.65
1082,40,7/03/2021,-20.62
1083,40,8/03/2021,-20.62
1084,40,9/03/2021,-20.77
1085,40,10/03/2021,-20.71
1086,40,11/03/2021,-20.87
1087,40,12/03/2021,-20.92
1088,40,13/03/2021,-20.7
1089,40,14/03/2021,-20.76
1090,40,15/03/2021,-20.88
1091,40,16/03/2021,-20.84
1092,40,17/03/2021,-20.72
1093,40,18/03/2021,-20.68
1094,40,19/03/2021,-20.78
1095,40,20/03/2021,-20.73
1096,41,5/05/2016,-1.77
1097,41,6/05/2016,-1.77
1098,41,7/05/2016,-1.86
1099,41,8/05/2016,-1.79
1100,41,9/05/2016,-1.86
1101,41,10/05/2016,-1.86
1102,41,11/05/2016,-1.86
1103,41,12/05/2016,-1.93
1104,41,13/05/2016,-1.98
1105,41,14/05/2016,-2.02
1106,41,15/05/2016,-2.09
1107,41,16/05/2016,-2.07
1108,41,17/05/2016,-2.02
1109,41,18/05/2016,-2.02
1110,41,19/05/2016,-2.04
1111,41,20/05/2016,-2.04
1112,41,21/05/2016,-2.04
1113,41,22/05/2016,-2.04
1114,41,23/05/2016,-1.86
1115,41,24/05/2016,-2.04
1116,41,25/05/2016,-1.95
1117,41,26/05/2016,-1.95
1118,41,27/05/2016,-2.04
1119,41,28/05/2016,-2.04
1120,41,29/05/2016,-1.95
1121,41,30/05/2016,-1.95
1122,41,31/05/2016,-2.04
1123,41,1/09/2019,-14.39
1124,41,2/09/2019,-14.32
1125,41,3/09/2019,-14.21
1126,41,4/09/2019,-14.23
1127,41,5/09/2019,-14.21
1128,41,6/09/2019,-14.23
1129,41,7/09/2019,-14.07
1130,41,8/09/2019,-14.07
1131,41,9/09/2019,-13.91
1132,41,10/09/2019,-13.82
1133,41,11/09/2019,-13.91
1134,41,12/09/2019,-13.67
1135,41,13/09/2019,-13.52
1136,41,14/09/2019,-13.63
1137,41,15/09/2019,-13.82
1138,41,16/09/2019,-14.15
1139,41,17/09/2019,-14.36
1140,41,26/09/2019,-13.08
1141,41,27/09/2019,-13.02
1142,41,28/09/2019,-13.08
1143,41,29/09/2019,-13.17
1144,41,30/09/2019,-13.2
1145,41,8/06/2020,-13.33
1146,41,14/06/2020,-13.36
1147,41,15/06/2020,-13.41
1148,41,16/06/2020,-13.45
1149,41,17/06/2020,-13.54
1150,41,18/06/2020,-13.42
1151,41,19/06/2020,-13.25
1152,41,20/06/2020,-13.19
1153,41,21/06/2020,-13.21
1154,41,22/06/2020,-13.39
1155,41,23/06/2020,-13.5
1156,41,24/06/2020,-13.46
1157,41,25/06/2020,-13.48
1158,41,26/06/2020,-13.51
1159,41,27/06/2020,-13.46
1160,41,28/06/2020,-13.27
1161,41,29/06/2020,-13.15
1162,41,30/06/2020,-13.14
1163,41,1/07/2020,-13.15
1164,41,2/07/2020,-12.98
1165,41,3/07/2020,-12.78
1166,41,4/07/2020,-12.57
1167,41,5/07/2020,-12.46
1168,41,6/07/2020,-12.34
1169,41,7/07/2020,-12.25
1170,41,8/07/2020,-12.26
1171,41,9/07/2020,-12.22
1172,41,10/07/2020,-12.09
1173,41,11/07/2020,-11.83
1174,41,12/07/2020,-11.8
1175,41,13/07/2020,-11.69
1176,41,14/07/2020,-11.63
1177,41,15/07/2020,-11.52
1178,41,16/07/2020,-11.37
1179,41,17/07/2020,-11.33
1180,41,18/07/2020,-11.35
1181,41,19/07/2020,-11.38
1182,41,20/07/2020,-11.47
1183,41,21/07/2020,-11.47
1184,41,22/07/2020,-11.44
1185,41,23/07/2020,-11.42
1186,41,24/07/2020,-11.43
1187,41,25/07/2020,-11.5
1188,41,26/07/2020,-11.66
1189,41,27/07/2020,-11.83
1190,41,28/07/2020,-12.03
1191,41,29/07/2020,-12.18
1192,41,30/07/2020,-12.22
1193,41,31/07/2020,-12.21
1194,41,1/08/2020,-12.32
1195,41,2/08/2020,-12.49
1196,41,3/08/2020,-12.57
1197,41,4/08/2020,-12.72
1198,41,5/08/2020,-12.89
1199,41,6/08/2020,-12.99
1200,41,7/08/2020,-13.24
1201,41,8/08/2020,-13.34
1202,41,9/08/2020,-13.38
1203,41,10/08/2020,-13.54
1204,41,11/08/2020,-13.57
1205,41,12/08/2020,-13.61
1206,41,13/08/2020,-13.66
1207,41,14/08/2020,-13.85
1208,41,15/08/2020,-13.9
1209,41,16/08/2020,-13.94
1210,41,17/08/2020,-13.88
1211,41,18/08/2020,-13.78
1212,41,19/08/2020,-13.9
1213,41,20/08/2020,-13.94
1214,41,21/08/2020,-13.95
1215,41,22/08/2020,-14.03
1216,41,23/08/2020,-14.0
1217,41,24/08/2020,-13.84
1218,41,25/08/2020,-13.71
1219,41,26/08/2020,-13.61
1220,41,27/08/2020,-13.66
1221,41,28/08/2020,-13.85
1222,41,29/08/2020,-13.86
1223,41,30/08/2020,-13.83
1224,41,31/08/2020,-13.97
1225,41,1/09/2020,-14.27
1226,41,2/09/2020,-14.51
1227,41,3/09/2020,-14.65
1228,41,4/09/2020,-14.67
1229,41,5/09/2020,-14.81
1230,41,6/09/2020,-15.26
1231,41,7/09/2020,-15.5
1232,41,8/09/2020,-15.47
1233,41,9/09/2020,-15.5
1234,41,10/09/2020,-15.7
1235,41,11/09/2020,-15.95
1236,41,12/09/2020,-16.04
1237,41,13/09/2020,-16.05
1238,41,14/09/2020,-16.2
1239,41,15/09/2020,-16.31
1240,41,16/09/2020,-16.37
1241,41,17/09/2020,-16.53
1242,41,18/09/2020,-16.56
1243,41,19/09/2020,-16.59
1244,41,20/09/2020,-16.58
1245,41,21/09/2020,-16.63
1246,41,22/09/2020,-16.63
1247,41,23/09/2020,-16.59
1248,41,24/09/2020,-16.65
1249,41,25/09/2020,-16.6
1250,41,26/09/2020,-16.58
1251,41,27/09/2020,-16.61
1252,41,28/09/2020,-16.59
1253,41,29/09/2020,-16.61
1254,41,30/09/2020,-16.64
1255,41,1/10/2020,-16.63
1256,41,2/10/2020,-16.59
1257,41,3/10/2020,-16.58
1258,41,4/10/2020,-16.61
1259,41,5/10/2020,-16.63
1260,41,6/10/2020,-16.62
1261,41,7/10/2020,-16.68
1262,41,8/10/2020,-16.69
1263,41,9/10/2020,-16.63
1264,41,10/10/2020,-16.61
1265,41,11/10/2020,-16.66
1266,41,12/10/2020,-16.72
1267,41,13/10/2020,-16.68
1268,41,14/10/2020,-16.69
1269,41,15/10/2020,-16.62
1270,41,16/10/2020,-16.54
1271,41,17/10/2020,-16.4
1272,41,18/10/2020,-16.17
1273,41,19/10/2020,-15.9
1274,41,20/10/2020,-15.57
1275,41,21/10/2020,-15.28
1276,41,22/10/2020,-14.84
1277,41,23/10/2020,-14.46
1278,41,24/10/2020,-14.27
1279,41,25/10/2020,-14.08
1280,41,26/10/2020,-13.94
1281,41,27/10/2020,-13.72
1282,41,28/10/2020,-13.51
1283,41,29/10/2020,-13.15
1284,41,30/10/2020,-12.92
1285,41,31/10/2020,-12.77
1286,41,1/11/2020,-12.73
1287,41,2/11/2020,-12.61
1288,41,3/11/2020,-12.35
1289,41,4/11/2020,-12.16
1290,41,5/11/2020,-12.03
1291,41,6/11/2020,-11.81
1292,41,7/11/2020,-11.62
1293,41,8/11/2020,-11.45
1294,41,9/11/2020,-11.25
1295,41,10/11/2020,-11.23
1296,41,11/11/2020,-11.2
1297,41,12/11/2020,-11.15
1298,41,13/11/2020,-10.97
1299,41,14/11/2020,-10.82
1300,41,15/11/2020,-10.79
1301,41,16/11/2020,-10.68
1302,41,17/11/2020,-10.54
1303,41,18/11/2020,-10.48
1304,41,19/11/2020,-10.41
1305,41,20/11/2020,-10.32
1306,41,21/11/2020,-10.2
1307,41,22/11/2020,-10.07
1308,41,23/11/2020,-9.92
1309,41,24/11/2020,-9.73
1310,41,25/11/2020,-9.69
1311,41,26/11/2020,-9.67
1312,41,27/11/2020,-9.59
1313,41,28/11/2020,-9.49
1314,41,29/11/2020,-9.45
1315,41,30/11/2020,-9.32
1316,41,1/12/2020,-9.24
1317,41,2/12/2020,-9.29
1318,41,3/12/2020,-9.2
1319,41,4/12/2020,-9.07
1320,41,5/12/2020,-8.96
1321,41,6/12/2020,-8.87
1322,41,7/12/2020,-8.74
1323,41,8/12/2020,-8.62
1324,41,9/12/2020,-8.58
1325,41,10/12/2020,-8.58
1326,41,11/12/2020,-8.5
1327,41,12/12/2020,-8.41
1328,41,13/12/2020,-8.48
1329,41,14/12/2020,-8.44
1330,41,15/12/2020,-8.35
1331,41,16/12/2020,-8.33
1332,41,17/12/2020,-8.3
1333,41,18/12/2020,-8.26
1334,41,19/12/2020,-8.24
1335,41,20/12/2020,-8.16
1336,41,21/12/2020,-8.09
1337,41,22/12/2020,-7.99
1338,41,23/12/2020,-7.88
1339,41,24/12/2020,-7.93
1340,41,25/12/2020,-7.97
1341,41,26/12/2020,-7.95
1342,41,27/12/2020,-7.88
1343,41,28/12/2020,-7.9
1344,41,29/12/2020,-7.82
1345,41,30/12/2020,-7.7
1346,41,31/12/2020,-7.62
1347,41,1/01/2021,-7.6
1348,41,2/01/2021,-7.61
1349,41,3/01/2021,-7.5
1350,41,4/01/2021,-7.41
1351,41,5/01/2021,-7.33
1352,41,6/01/2021,-7.25
1353,41,7/01/2021,-7.23
1354,41,8/01/2021,-7.23
1355,41,9/01/2021,-7.22
1356,41,10/01/2021,-7.2
1357,41,11/01/2021,-7.17
1358,41,12/01/2021,-7.08
1359,41,13/01/2021,-7.03
1360,41,14/01/2021,-6.98
1361,41,15/01/2021,-6.94
1362,41,16/01/2021,-6.93
1363,41,17/01/2021,-6.9
1364,41,18/01/2021,-6.86
1365,41,19/01/2021,-6.82
1366,41,20/01/2021,-6.8
1367,41,21/01/2021,-6.71
1368,41,22/01/2021,-6.73
1369,41,23/01/2021,-6.76
1370,41,24/01/2021,-6.68
1371,41,25/01/2021,-6.6
1372,41,26/01/2021,-6.56
1373,41,27/01/2021,-6.52
1374,41,28/01/2021,-6.54
1375,41,29/01/2021,-6.48
1376,41,30/01/2021,-6.42
1377,41,31/01/2021,-6.46
1378,41,1/02/2021,-6.39
1379,41,2/02/2021,-6.29
1380,41,3/02/2021,-6.23
1381,41,4/02/2021,-6.16
1382,41,5/02/2021,-6.17
1383,41,6/02/2021,-6.2
1384,41,7/02/2021,-6.26
1385,41,8/02/2021,-6.35
1386,41,9/02/2021,-6.29
1387,41,10/02/2021,-6.2
1388,41,11/02/2021,-6.15
1389,41,12/02/2021,-6.14
1390,41,13/02/2021,-6.09
1391,41,14/02/2021,-6.0
1392,41,15/02/2021,-5.94
1393,41,16/02/2021,-5.94
1394,41,17/02/2021,-5.96
1395,41,18/02/2021,-5.9
1396,41,19/02/2021,-5.88
1397,41,20/02/2021,-5.81
1398,41,21/02/2021,-5.79
1399,41,22/02/2021,-5.74
1400,41,23/02/2021,-5.63
1401,41,24/02/2021,-5.65
1402,41,25/02/2021,-5.76
1403,41,26/02/2021,-5.73
1404,41,27/02/2021,-5.68
1405,41,28/02/2021,-5.72
1406,41,1/03/2021,-5.7
1407,41,2/03/2021,-5.64
1408,41,3/03/2021,-5.61
1409,41,4/03/2021,-5.64
1410,41,5/03/2021,-5.64
1411,41,6/03/2021,-5.56
1412,41,7/03/2021,-5.48
1413,41,8/03/2021,-5.43
1414,41,9/03/2021,-5.5
1415,41,10/03/2021,-5.46
1416,41,11/03/2021,-5.46
1417,41,12/03/2021,-5.54
1418,41,13/03/2021,-5.49
1419,41,14/03/2021,-5.41
1420,41,15/03/2021,-5.41
1421,41,16/03/2021,-5.45
1422,41,17/03/2021,-5.38
1423,41,18/03/2021,-5.32
1424,41,19/03/2021,-5.3
1425,41,20/03/2021,-5.32
1426,42,5/05/2016,16.34
1427,42,6/05/2016,16.36
1428,42,7/05/2016,16.32
1429,42,8/05/2016,16.3
1430,42,9/05/2016,16.26
1431,42,10/05/2016,16.36
1432,42,11/05/2016,16.34
1433,42,12/05/2016,16.28
1434,42,13/05/2016,16.3
1435,42,14/05/2016,16.3
1436,42,15/05/2016,16.26
1437,42,16/05/2016,16.28
1438,42,17/05/2016,16.32
1439,42,18/05/2016,16.39
1440,42,19/05/2016,16.34
1441,42,20/05/2016,16.43
1442,42,21/05/2016,16.43
1443,42,22/05/2016,16.52
1444,42,23/05/2016,16.52
1445,42,24/05/2016,16.6
1446,42,25/05/2016,16.6
1447,42,26/05/2016,16.6
1448,42,27/05/2016,16.6
1449,42,28/05/2016,16.6
1450,42,29/05/2016,16.6
1451,42,30/05/2016,16.52
1452,42,31/05/2016,16.52
1453,42,1/09/2019,3.77
1454,42,2/09/2019,3.76
1455,42,3/09/2019,3.83
1456,42,4/09/2019,3.8
1457,42,5/09/2019,3.89
1458,42,6/09/2019,3.82
1459,42,7/09/2019,4.0
1460,42,8/09/2019,4.04
1461,42,9/09/2019,4.17
1462,42,10/09/2019,4.19
1463,42,11/09/2019,4.15
1464,42,12/09/2019,4.36
1465,42,13/09/2019,4.45
1466,42,14/09/2019,4.39
1467,42,15/09/2019,4.19
1468,42,16/09/2019,3.89
1469,42,17/09/2019,3.69
1470,42,26/09/2019,4.89
1471,42,27/09/2019,4.99
1472,42,28/09/2019,4.84
1473,42,29/09/2019,4.76
1474,42,30/09/2019,4.76
1475,42,8/06/2020,4.52
1476,42,14/06/2020,4.5
1477,42,15/06/2020,4.48
1478,42,16/06/2020,4.41
1479,42,17/06/2020,4.33
1480,42,18/06/2020,4.46
1481,42,19/06/2020,4.63
1482,42,20/06/2020,4.7
1483,42,21/06/2020,4.66
1484,42,22/06/2020,4.48
1485,42,23/06/2020,4.37
1486,42,24/06/2020,4.41
1487,42,25/06/2020,4.39
1488,42,26/06/2020,4.34
1489,42,27/06/2020,4.41
1490,42,28/06/2020,4.62
1491,42,29/06/2020,4.73
1492,42,30/06/2020,4.75
1493,42,1/07/2020,4.74
1494,42,2/07/2020,4.92
1495,42,3/07/2020,5.13
1496,42,4/07/2020,5.34
1497,42,5/07/2020,5.47
1498,42,6/07/2020,5.58
1499,42,7/07/2020,5.7
1500,42,8/07/2020,5.66
1501,42,9/07/2020,5.7
1502,42,10/07/2020,5.84
1503,42,11/07/2020,6.1
1504,42,12/07/2020,6.12
1505,42,13/07/2020,6.24
1506,42,14/07/2020,6.3
1507,42,15/07/2020,6.38
1508,42,16/07/2020,6.54
1509,42,17/07/2020,6.59
1510,42,18/07/2020,6.57
1511,42,19/07/2020,6.52
1512,42,20/07/2020,6.45
1513,42,21/07/2020,6.44
1514,42,22/07/2020,6.49
1515,42,23/07/2020,6.5
1516,42,24/07/2020,6.48
1517,42,25/07/2020,6.39
1518,42,26/07/2020,6.22
1519,42,27/07/2020,6.04
1520,42,28/07/2020,5.83
1521,42,29/07/2020,5.67
1522,42,30/07/2020,5.65
1523,42,31/07/2020,5.65
1524,42,1/08/2020,5.51
1525,42,2/08/2020,5.35
1526,42,3/08/2020,5.27
1527,42,4/08/2020,5.1
1528,42,5/08/2020,4.91
1529,42,6/08/2020,4.8
1530,42,7/08/2020,4.52
1531,42,8/08/2020,4.44
1532,42,9/08/2020,4.38
1533,42,10/08/2020,4.2
1534,42,11/08/2020,4.2
1535,42,12/08/2020,4.17
1536,42,13/08/2020,4.09
1537,42,14/08/2020,3.89
1538,42,15/08/2020,3.84
1539,42,16/08/2020,3.81
1540,42,17/08/2020,3.85
1541,42,18/08/2020,3.98
1542,42,19/08/2020,3.84
1543,42,20/08/2020,3.79
1544,42,21/08/2020,3.8
1545,42,22/08/2020,3.72
1546,42,23/08/2020,3.76
1547,42,24/08/2020,3.92
1548,42,25/08/2020,4.06
1549,42,26/08/2020,4.15
1550,42,27/08/2020,4.07
1551,42,28/08/2020,3.88
1552,42,29/08/2020,3.87
1553,42,30/08/2020,3.88
1554,42,31/08/2020,3.75
1555,42,1/09/2020,3.42
1556,42,2/09/2020,3.2
1557,42,3/09/2020,3.04
1558,42,4/09/2020,3.02
1559,42,5/09/2020,2.87
1560,42,6/09/2020,2.43
1561,42,7/09/2020,2.21
1562,42,8/09/2020,2.25
1563,42,9/09/2020,2.2
1564,42,10/09/2020,2.0
1565,42,11/09/2020,1.77
1566,42,12/09/2020,1.7
1567,42,13/09/2020,1.7
1568,42,14/09/2020,1.54
1569,42,15/09/2020,1.43
1570,42,16/09/2020,1.38
1571,42,17/09/2020,1.21
1572,42,18/09/2020,1.2
1573,42,19/09/2020,1.15
1574,42,20/09/2020,1.17
1575,42,21/09/2020,1.13
1576,42,22/09/2020,1.12
1577,42,23/09/2020,1.14
1578,42,24/09/2020,1.08
1579,42,25/09/2020,1.14
1580,42,26/09/2020,1.16
1581,42,27/09/2020,1.11
1582,42,28/09/2020,1.12
1583,42,29/09/2020,1.12
1584,42,30/09/2020,1.08
1585,42,1/10/2020,1.1
1586,42,2/10/2020,1.1
1587,42,3/10/2020,1.11
1588,42,4/10/2020,1.09
1589,42,5/10/2020,1.08
1590,42,6/10/2020,1.07
1591,42,7/10/2020,0.99
1592,42,8/10/2020,0.99
1593,42,9/10/2020,1.04
1594,42,10/10/2020,1.08
1595,42,11/10/2020,1.0
1596,42,12/10/2020,0.96
1597,42,13/10/2020,1.01
1598,42,14/10/2020,0.95
1599,42,15/10/2020,1.0
1600,42,16/10/2020,1.07
1601,42,17/10/2020,1.24
1602,42,18/10/2020,1.5
1603,42,19/10/2020,1.77
1604,42,20/10/2020,2.11
1605,42,21/10/2020,2.37
1606,42,22/10/2020,2.82
1607,42,23/10/2020,3.21
1608,42,24/10/2020,3.42
1609,42,25/10/2020,3.61
1610,42,26/10/2020,3.75
1611,42,27/10/2020,4.0
1612,42,28/10/2020,4.21
1613,42,29/10/2020,4.58
1614,42,30/10/2020,4.83
1615,42,31/10/2020,4.99
1616,42,1/11/2020,5.04
1617,42,2/11/2020,5.16
1618,42,3/11/2020,5.42
1619,42,4/11/2020,5.64
1620,42,5/11/2020,5.77
1621,42,6/11/2020,5.99
1622,42,7/11/2020,6.17
1623,42,8/11/2020,6.35
1624,42,9/11/2020,6.55
1625,42,10/11/2020,6.6
1626,42,11/11/2020,6.61
1627,42,12/11/2020,6.66
1628,42,13/11/2020,6.86
1629,42,14/11/2020,7.0
1630,42,15/11/2020,7.04
1631,42,16/11/2020,7.13
1632,42,17/11/2020,7.28
1633,42,18/11/2020,7.33
1634,42,19/11/2020,7.4
1635,42,20/11/2020,7.49
1636,42,21/11/2020,7.63
1637,42,22/11/2020,7.75
1638,42,23/11/2020,7.9
1639,42,24/11/2020,8.07
1640,42,25/11/2020,8.12
1641,42,26/11/2020,8.12
1642,42,27/11/2020,8.23
1643,42,28/11/2020,8.34
1644,42,29/11/2020,8.35
1645,42,30/11/2020,8.47
1646,42,1/12/2020,8.57
1647,42,2/12/2020,8.52
1648,42,3/12/2020,8.59
1649,42,4/12/2020,8.77
1650,42,5/12/2020,8.85
1651,42,6/12/2020,8.96
1652,42,7/12/2020,9.08
1653,42,8/12/2020,9.21
1654,42,9/12/2020,9.24
1655,42,10/12/2020,9.25
1656,42,11/12/2020,9.33
1657,42,12/12/2020,9.42
1658,42,13/12/2020,9.34
1659,42,14/12/2020,9.38
1660,42,15/12/2020,9.47
1661,42,16/12/2020,9.5
1662,42,17/12/2020,9.54
1663,42,18/12/2020,9.58
1664,42,19/12/2020,9.61
1665,42,20/12/2020,9.69
1666,42,21/12/2020,9.76
1667,42,22/12/2020,9.86
1668,42,23/12/2020,9.96
1669,42,24/12/2020,9.93
1670,42,25/12/2020,9.89
1671,42,26/12/2020,9.91
1672,42,27/12/2020,9.97
1673,42,28/12/2020,9.95
1674,42,29/12/2020,10.05
1675,42,30/12/2020,10.16
1676,42,31/12/2020,10.23
1677,42,1/01/2021,10.29
1678,42,2/01/2021,10.28
1679,42,3/01/2021,10.38
1680,42,4/01/2021,10.47
1681,42,5/01/2021,10.56
1682,42,6/01/2021,10.64
1683,42,7/01/2021,10.64
1684,42,8/01/2021,10.67
1685,42,9/01/2021,10.68
1686,42,10/01/2021,10.69
1687,42,11/01/2021,10.71
1688,42,12/01/2021,10.82
1689,42,13/01/2021,10.88
1690,42,14/01/2021,10.91
1691,42,15/01/2021,10.97
1692,42,16/01/2021,10.98
1693,42,17/01/2021,10.99
1694,42,18/01/2021,11.05
1695,42,19/01/2021,11.09
1696,42,20/01/2021,11.11
1697,42,21/01/2021,11.21
1698,42,22/01/2021,11.17
1699,42,23/01/2021,11.15
1700,42,24/01/2021,11.24
1701,42,25/01/2021,11.32
1702,42,26/01/2021,11.36
1703,42,27/01/2021,11.4
1704,42,28/01/2021,11.38
1705,42,29/01/2021,11.46
1706,42,30/01/2021,11.49
1707,42,31/01/2021,11.46
1708,42,1/02/2021,11.54
1709,42,2/02/2021,11.65
1710,42,3/02/2021,11.7
1711,42,4/02/2021,11.78
1712,42,5/02/2021,11.76
1713,42,6/02/2021,11.75
1714,42,7/02/2021,11.66
1715,42,8/02/2021,11.6
1716,42,9/02/2021,11.66
1717,42,10/02/2021,11.74
1718,42,11/02/2021,11.78
1719,42,12/02/2021,11.79
1720,42,13/02/2021,11.86
1721,42,14/02/2021,11.96
1722,42,15/02/2021,12.02
1723,42,16/02/2021,12.02
1724,42,17/02/2021,12.0
1725,42,18/02/2021,12.04
1726,42,19/02/2021,12.08
1727,42,20/02/2021,12.14
1728,42,21/02/2021,12.16
1729,42,22/02/2021,12.22
1730,42,23/02/2021,12.34
1731,42,24/02/2021,12.33
1732,42,25/02/2021,12.21
1733,42,26/02/2021,12.24
1734,42,27/02/2021,12.28
1735,42,28/02/2021,12.25
1736,42,1/03/2021,12.26
1737,42,2/03/2021,12.32
1738,42,3/03/2021,12.36
1739,42,4/03/2021,12.32
1740,42,5/03/2021,12.33
1741,42,6/03/2021,12.4
1742,42,7/03/2021,12.49
1743,42,8/03/2021,12.53
1744,42,9/03/2021,12.5
1745,42,10/03/2021,12.55
1746,42,11/03/2021,12.5
1747,42,12/03/2021,12.43
1748,42,13/03/2021,12.47
1749,42,14/03/2021,12.58
1750,42,15/03/2021,12.6
1751,42,16/03/2021,12.6
1752,42,17/03/2021,12.63
1753,42,18/03/2021,12.68
1754,42,19/03/2021,12.68
1755,42,20/03/2021,12.66
