sample_id,Node_id,sample_date,sample_values
1,38,05/05/2016,-11.42
2,38,06/05/2016,-11.37
3,38,07/05/2016,-11.42
4,38,08/05/2016,-11.35
5,38,09/05/2016,-11.17
6,38,10/05/2016,-11.17
7,38,11/05/2016,-11.32
8,38,12/05/2016,-11.35
9,38,13/05/2016,-11.34
10,38,14/05/2016,-11.47
11,38,15/05/2016,-11.32
12,38,16/05/2016,-11.27
13,38,17/05/2016,-11.25
14,38,18/05/2016,-11.17
15,38,19/05/2016,-11.1
16,38,20/05/2016,-11.17
17,38,21/05/2016,-11.17
18,38,22/05/2016,-10.97
19,38,23/05/2016,-10.97
20,38,24/05/2016,-10.97
21,38,25/05/2016,-11.07
22,38,26/05/2016,-11.27
23,38,27/05/2016,-11.27
24,38,28/05/2016,-11.07
25,38,29/05/2016,-11.17
26,38,30/05/2016,-11.57
27,38,31/05/2016,-11.47
28,38,01/09/2019,-18.53
29,38,02/09/2019,-18.44
30,38,03/09/2019,-18.36
31,38,04/09/2019,-18.51
32,38,05/09/2019,-18.4
33,38,06/09/2019,-18.46
34,38,07/09/2019,-18.24
35,38,08/09/2019,-18.31
36,38,09/09/2019,-18.29
37,38,10/09/2019,-18.41
38,38,11/09/2019,-18.44
39,38,12/09/2019,-18.22
40,38,13/09/2019,-18.14
41,38,14/09/2019,-18.41
42,38,15/09/2019,-18.64
43,38,16/09/2019,-18.63
44,38,17/09/2019,-18.61
45,38,26/09/2019,-18.61
46,38,27/09/2019,-18.53
47,38,28/09/2019,-18.66
48,38,29/09/2019,-18.56
49,38,30/09/2019,-18.51
50,38,08/06/2020,-20.37
51,38,14/06/2020,-19.87
52,38,15/06/2020,-19.93
53,38,16/06/2020,-19.95
54,38,17/06/2020,-19.99
55,38,18/06/2020,-19.93
56,38,19/06/2020,-19.82
57,38,20/06/2020,-19.78
58,38,21/06/2020,-19.86
59,38,22/06/2020,-20.07
60,38,23/06/2020,-20.11
61,38,24/06/2020,-20.07
62,38,25/06/2020,-20.12
63,38,26/06/2020,-20.07
64,38,27/06/2020,-20.07
65,38,28/06/2020,-19.99
66,38,29/06/2020,-19.98
67,38,30/06/2020,-20.04
68,38,01/07/2020,-20.01
69,38,02/07/2020,-19.96
70,38,03/07/2020,-19.9
71,38,04/07/2020,-19.88
72,38,05/07/2020,-20
73,38,06/07/2020,-20.06
74,38,07/07/2020,-20.15
75,38,08/07/2020,-20.37
76,38,09/07/2020,-20.39
77,38,10/07/2020,-20.17
78,38,11/07/2020,-19.97
79,38,12/07/2020,-20.07
80,38,13/07/2020,-19.93
81,38,14/07/2020,-19.99
82,38,15/07/2020,-19.73
83,38,16/07/2020,-19.61
84,38,17/07/2020,-19.73
85,38,18/07/2020,-19.82
86,38,19/07/2020,-19.96
87,38,20/07/2020,-20.05
88,38,21/07/2020,-20.04
89,38,22/07/2020,-20.01
90,38,23/07/2020,-20.03
91,38,24/07/2020,-20.1
92,38,25/07/2020,-20.02
93,38,26/07/2020,-19.99
94,38,27/07/2020,-20.08
95,38,28/07/2020,-20.16
96,38,29/07/2020,-20.07
97,38,30/07/2020,-19.94
98,38,31/07/2020,-19.77
99,38,01/08/2020,-19.89
100,38,02/08/2020,-19.91
101,38,03/08/2020,-19.87
102,38,04/08/2020,-19.99
103,38,05/08/2020,-19.8
104,38,06/08/2020,-19.84
105,38,07/08/2020,-20.06
106,38,08/08/2020,-19.9
107,38,09/08/2020,-19.91
108,38,10/08/2020,-20.11
109,38,11/08/2020,-19.89
110,38,12/08/2020,-19.89
111,38,13/08/2020,-20.07
112,38,14/08/2020,-20.35
113,38,15/08/2020,-20.25
114,38,16/08/2020,-20.29
115,38,17/08/2020,-20.02
116,38,18/08/2020,-20.01
117,38,19/08/2020,-20.22
118,38,20/08/2020,-20.21
119,38,21/08/2020,-20.14
120,38,22/08/2020,-20.17
121,38,23/08/2020,-20.38
122,38,24/08/2020,-20.45
123,38,25/08/2020,-20.22
124,38,26/08/2020,-20.1
125,38,27/08/2020,-20.1
126,38,28/08/2020,-20.19
127,38,29/08/2020,-20.05
128,38,30/08/2020,-19.97
129,38,31/08/2020,-20.09
130,38,01/09/2020,-20.36
131,38,02/09/2020,-20.24
132,38,03/09/2020,-20.18
133,38,04/09/2020,-19.88
134,38,05/09/2020,-20.03
135,38,06/09/2020,-20.51
136,38,07/09/2020,-20.41
137,38,08/09/2020,-20.12
138,38,09/09/2020,-20.07
139,38,10/09/2020,-20.22
140,38,11/09/2020,-20.39
141,38,12/09/2020,-20.17
142,38,13/09/2020,-20.02
143,38,14/09/2020,-20.13
144,38,15/09/2020,-20.07
145,38,16/09/2020,-20.08
146,38,17/09/2020,-20.31
147,38,18/09/2020,-20.16
148,38,19/09/2020,-20.22
149,38,20/09/2020,-20.2
150,38,21/09/2020,-20.36
151,38,22/09/2020,-20.18
152,38,23/09/2020,-20.26
153,38,24/09/2020,-20.35
154,38,25/09/2020,-20.25
155,38,26/09/2020,-20.35
156,38,27/09/2020,-20.33
157,38,28/09/2020,-20.22
158,38,29/09/2020,-20.28
159,38,30/09/2020,-20.29
160,38,01/10/2020,-20.25
161,38,02/10/2020,-20.25
162,38,03/10/2020,-20.24
163,38,04/10/2020,-20.35
164,38,05/10/2020,-20.33
165,38,06/10/2020,-20.43
166,38,07/10/2020,-20.48
167,38,08/10/2020,-20.35
168,38,09/10/2020,-20.2
169,38,10/10/2020,-20.24
170,38,11/10/2020,-20.41
171,38,12/10/2020,-20.44
172,38,13/10/2020,-20.39
173,38,14/10/2020,-20.55
174,38,15/10/2020,-20.39
175,38,16/10/2020,-20.4
176,38,17/10/2020,-20.46
177,38,18/10/2020,-20.64
178,38,19/10/2020,-20.6
179,38,20/10/2020,-20.58
180,38,21/10/2020,-20.66
181,38,22/10/2020,-20.35
182,38,23/10/2020,-20.29
183,38,24/10/2020,-20.57
184,38,25/10/2020,-20.71
185,38,26/10/2020,-20.83
186,38,27/10/2020,-20.73
187,38,28/10/2020,-20.76
188,38,29/10/2020,-20.4
189,38,30/10/2020,-20.43
190,38,31/10/2020,-20.54
191,38,01/11/2020,-20.79
192,38,02/11/2020,-20.77
193,38,03/11/2020,-20.55
194,38,04/11/2020,-20.65
195,38,05/11/2020,-20.64
196,38,06/11/2020,-20.52
197,38,07/11/2020,-20.53
198,38,08/11/2020,-20.36
199,38,09/11/2020,-20.34
200,38,10/11/2020,-20.56
201,38,11/11/2020,-20.74
202,38,12/11/2020,-20.82
203,38,13/11/2020,-20.57
204,38,14/11/2020,-20.69
205,38,15/11/2020,-20.81
206,38,16/11/2020,-20.71
207,38,17/11/2020,-20.75
208,38,18/11/2020,-20.84
209,38,19/11/2020,-20.89
210,38,20/11/2020,-20.86
211,38,21/11/2020,-20.87
212,38,22/11/2020,-20.83
213,38,23/11/2020,-20.65
214,38,24/11/2020,-20.65
215,38,25/11/2020,-20.79
216,38,26/11/2020,-20.86
217,38,27/11/2020,-20.76
218,38,28/11/2020,-20.79
219,38,29/11/2020,-20.85
220,38,30/11/2020,-20.75
221,38,01/12/2020,-20.81
222,38,02/12/2020,-21.06
223,38,03/12/2020,-20.91
224,38,04/12/2020,-20.85
225,38,05/12/2020,-20.88
226,38,06/12/2020,-20.82
227,38,07/12/2020,-20.74
228,38,08/12/2020,-20.72
229,38,09/12/2020,-20.86
230,38,10/12/2020,-20.91
231,38,11/12/2020,-20.81
232,38,12/12/2020,-20.9
233,38,13/12/2020,-21.14
234,38,14/12/2020,-21.03
235,38,15/12/2020,-21.03
236,38,16/12/2020,-21.1
237,38,17/12/2020,-21.13
238,38,18/12/2020,-21.15
239,38,19/12/2020,-21.17
240,38,20/12/2020,-21.16
241,38,21/12/2020,-21.11
242,38,22/12/2020,-21.04
243,38,23/12/2020,-21.01
244,38,24/12/2020,-21.27
245,38,25/12/2020,-21.32
246,38,26/12/2020,-21.31
247,38,27/12/2020,-21.33
248,38,28/12/2020,-21.42
249,38,29/12/2020,-21.26
250,38,30/12/2020,-21.25
251,38,31/12/2020,-21.25
252,38,01/01/2021,-21.36
253,38,02/01/2021,-21.42
254,38,03/01/2021,-21.28
255,38,04/01/2021,-21.32
256,38,05/01/2021,-21.23
257,38,06/01/2021,-21.28
258,38,07/01/2021,-21.31
259,38,08/01/2021,-21.39
260,38,09/01/2021,-21.36
261,38,10/01/2021,-21.49
262,38,11/01/2021,-21.39
263,38,12/01/2021,-21.34
264,38,13/01/2021,-21.35
265,38,14/01/2021,-21.35
266,38,15/01/2021,-21.36
267,38,16/01/2021,-21.43
268,38,17/01/2021,-21.41
269,38,18/01/2021,-21.4
270,38,19/01/2021,-21.45
271,38,20/01/2021,-21.39
272,38,21/01/2021,-21.36
273,38,22/01/2021,-21.56
274,38,23/01/2021,-21.53
275,38,24/01/2021,-21.44
276,38,25/01/2021,-21.42
277,38,26/01/2021,-21.45
278,38,27/01/2021,-21.45
279,38,28/01/2021,-21.53
280,38,29/01/2021,-21.4
281,38,30/01/2021,-21.49
282,38,31/01/2021,-21.61
283,38,01/02/2021,-21.42
284,38,02/02/2021,-21.38
285,38,03/02/2021,-21.37
286,38,04/02/2021,-21.37
287,38,05/02/2021,-21.48
288,38,06/02/2021,-21.57
289,38,07/02/2021,-21.79
290,38,08/02/2021,-21.83
291,38,09/02/2021,-21.76
292,38,10/02/2021,-21.71
293,38,11/02/2021,-21.7
294,38,12/02/2021,-21.75
295,38,13/02/2021,-21.66
296,38,14/02/2021,-21.57
297,38,15/02/2021,-21.57
298,38,16/02/2021,-21.7
299,38,17/02/2021,-21.7
300,38,18/02/2021,-21.7
301,38,19/02/2021,-21.61
302,38,20/02/2021,-21.63
303,38,21/02/2021,-21.65
304,38,22/02/2021,-21.54
305,38,23/02/2021,-21.42
306,38,24/02/2021,-21.69
307,38,25/02/2021,-21.84
308,38,26/02/2021,-21.65
309,38,27/02/2021,-21.74
310,38,28/02/2021,-21.87
311,38,01/03/2021,-21.8
312,38,02/03/2021,-21.75
313,38,03/03/2021,-21.82
314,38,04/03/2021,-21.9
315,38,05/03/2021,-21.87
316,38,06/03/2021,-21.72
317,38,07/03/2021,-21.68
318,38,08/03/2021,-21.7
319,38,09/03/2021,-21.82
320,38,10/03/2021,-21.79
321,38,11/03/2021,-21.92
322,38,12/03/2021,-22.03
323,38,13/03/2021,-21.79
324,38,14/03/2021,-21.81
325,38,15/03/2021,-21.93
326,38,16/03/2021,-21.93
327,38,17/03/2021,-21.79
328,38,18/03/2021,-21.81
329,38,19/03/2021,-21.85
330,38,20/03/2021,-21.8
331,39,05/05/2016,23.57
332,39,06/05/2016,23.54
333,39,07/05/2016,23.54
334,39,08/05/2016,23.52
335,39,09/05/2016,23.57
336,39,10/05/2016,23.63
337,39,11/05/2016,23.61
338,39,12/05/2016,23.59
339,39,13/05/2016,23.57
340,39,14/05/2016,23.54
341,39,15/05/2016,23.52
342,39,16/05/2016,23.63
343,39,17/05/2016,23.61
344,39,18/05/2016,23.68
345,39,19/05/2016,23.65
346,39,20/05/2016,23.65
347,39,21/05/2016,23.65
348,39,22/05/2016,23.74
349,39,23/05/2016,23.74
350,39,24/05/2016,23.83
351,39,25/05/2016,23.83
352,39,26/05/2016,23.83
353,39,27/05/2016,23.83
354,39,28/05/2016,23.83
355,39,29/05/2016,23.83
356,39,30/05/2016,23.74
357,39,31/05/2016,23.74
358,39,01/09/2019,12.57
359,39,02/09/2019,12.57
360,39,03/09/2019,12.57
361,39,04/09/2019,12.61
362,39,05/09/2019,12.6
363,39,06/09/2019,12.57
364,39,07/09/2019,12.66
365,39,08/09/2019,12.66
366,39,09/09/2019,12.77
367,39,10/09/2019,12.7
368,39,11/09/2019,12.69
369,39,12/09/2019,12.89
370,39,13/09/2019,12.9
371,39,14/09/2019,12.88
372,39,15/09/2019,12.79
373,39,16/09/2019,12.66
374,39,17/09/2019,12.59
375,39,26/09/2019,13.14
376,39,27/09/2019,13.19
377,39,28/09/2019,13.19
378,39,29/09/2019,13.19
379,39,30/09/2019,13.19
380,39,08/06/2020,12.83
381,39,14/06/2020,12.92
382,39,15/06/2020,12.92
383,39,16/06/2020,12.86
384,39,17/06/2020,12.83
385,39,18/06/2020,12.88
386,39,19/06/2020,12.97
387,39,20/06/2020,13.01
388,39,21/06/2020,13.01
389,39,22/06/2020,12.89
390,39,23/06/2020,12.83
391,39,24/06/2020,12.85
392,39,25/06/2020,12.81
393,39,26/06/2020,12.8
394,39,27/06/2020,12.82
395,39,28/06/2020,12.92
396,39,29/06/2020,12.96
397,39,30/06/2020,12.97
398,39,01/07/2020,13
399,39,02/07/2020,13.08
400,39,03/07/2020,13.2
401,39,04/07/2020,13.32
402,39,05/07/2020,13.37
403,39,06/07/2020,13.4
404,39,07/07/2020,13.45
405,39,08/07/2020,13.41
406,39,09/07/2020,13.45
407,39,10/07/2020,13.56
408,39,11/07/2020,13.79
409,39,12/07/2020,13.79
410,39,13/07/2020,13.91
411,39,14/07/2020,13.95
412,39,15/07/2020,14.05
413,39,16/07/2020,14.19
414,39,17/07/2020,14.22
415,39,18/07/2020,14.24
416,39,19/07/2020,14.19
417,39,20/07/2020,14.13
418,39,21/07/2020,14.14
419,39,22/07/2020,14.17
420,39,23/07/2020,14.2
421,39,24/07/2020,14.19
422,39,25/07/2020,14.18
423,39,26/07/2020,14.14
424,39,27/07/2020,14.06
425,39,28/07/2020,13.94
426,39,29/07/2020,13.87
427,39,30/07/2020,13.87
428,39,31/07/2020,13.88
429,39,01/08/2020,13.78
430,39,02/08/2020,13.67
431,39,03/08/2020,13.62
432,39,04/08/2020,13.52
433,39,05/08/2020,13.44
434,39,06/08/2020,13.38
435,39,07/08/2020,13.18
436,39,08/08/2020,13.12
437,39,09/08/2020,13.07
438,39,10/08/2020,12.92
439,39,11/08/2020,12.9
440,39,12/08/2020,12.86
441,39,13/08/2020,12.8
442,39,14/08/2020,12.62
443,39,15/08/2020,12.55
444,39,16/08/2020,12.51
445,39,17/08/2020,12.54
446,39,18/08/2020,12.59
447,39,19/08/2020,12.48
448,39,20/08/2020,12.44
449,39,21/08/2020,12.43
450,39,22/08/2020,12.4
451,39,23/08/2020,12.34
452,39,24/08/2020,12.36
453,39,25/08/2020,12.44
454,39,26/08/2020,12.5
455,39,27/08/2020,12.5
456,39,28/08/2020,12.42
457,39,29/08/2020,12.42
458,39,30/08/2020,12.44
459,39,31/08/2020,12.36
460,39,01/09/2020,12.17
461,39,02/09/2020,12.08
462,39,03/09/2020,11.98
463,39,04/09/2020,12.03
464,39,05/09/2020,11.98
465,39,06/09/2020,11.67
466,39,07/09/2020,11.51
467,39,08/09/2020,11.56
468,39,09/09/2020,11.51
469,39,10/09/2020,11.37
470,39,11/09/2020,11.21
471,39,12/09/2020,11.15
472,39,13/09/2020,11.18
473,39,14/09/2020,11.06
474,39,15/09/2020,10.98
475,39,16/09/2020,10.95
476,39,17/09/2020,10.8
477,39,18/09/2020,10.75
478,39,19/09/2020,10.69
479,39,20/09/2020,10.7
480,39,21/09/2020,10.61
481,39,22/09/2020,10.6
482,39,23/09/2020,10.61
483,39,24/09/2020,10.55
484,39,25/09/2020,10.56
485,39,26/09/2020,10.56
486,39,27/09/2020,10.52
487,39,28/09/2020,10.53
488,39,29/09/2020,10.53
489,39,30/09/2020,10.49
490,39,01/10/2020,10.52
491,39,02/10/2020,10.52
492,39,03/10/2020,10.51
493,39,04/10/2020,10.48
494,39,05/10/2020,10.46
495,39,06/10/2020,10.44
496,39,07/10/2020,10.39
497,39,08/10/2020,10.39
498,39,09/10/2020,10.43
499,39,10/10/2020,10.46
500,39,11/10/2020,10.39
501,39,12/10/2020,10.35
502,39,13/10/2020,10.36
503,39,14/10/2020,10.31
504,39,15/10/2020,10.35
505,39,16/10/2020,10.36
506,39,17/10/2020,10.43
507,39,18/10/2020,10.49
508,39,19/10/2020,10.6
509,39,20/10/2020,10.77
510,39,21/10/2020,10.88
511,39,22/10/2020,11.14
512,39,23/10/2020,11.36
513,39,24/10/2020,11.43
514,39,25/10/2020,11.51
515,39,26/10/2020,11.59
516,39,27/10/2020,11.76
517,39,28/10/2020,11.89
518,39,29/10/2020,12.19
519,39,30/10/2020,12.35
520,39,31/10/2020,12.46
521,39,01/11/2020,12.46
522,39,02/11/2020,12.54
523,39,03/11/2020,12.77
524,39,04/11/2020,12.91
525,39,05/11/2020,13
526,39,06/11/2020,13.18
527,39,07/11/2020,13.31
528,39,08/11/2020,13.47
529,39,09/11/2020,13.64
530,39,10/11/2020,13.63
531,39,11/11/2020,13.65
532,39,12/11/2020,13.68
533,39,13/11/2020,13.85
534,39,14/11/2020,13.96
535,39,15/11/2020,13.98
536,39,16/11/2020,14.06
537,39,17/11/2020,14.16
538,39,18/11/2020,14.21
539,39,19/11/2020,14.26
540,39,20/11/2020,14.33
541,39,21/11/2020,14.43
542,39,22/11/2020,14.52
543,39,23/11/2020,14.66
544,39,24/11/2020,14.81
545,39,25/11/2020,14.82
546,39,26/11/2020,14.84
547,39,27/11/2020,14.91
548,39,28/11/2020,15.01
549,39,29/11/2020,15.04
550,39,30/11/2020,15.12
551,39,01/12/2020,15.21
552,39,02/12/2020,15.15
553,39,03/12/2020,15.24
554,39,04/12/2020,15.36
555,39,05/12/2020,15.41
556,39,06/12/2020,15.48
557,39,07/12/2020,15.59
558,39,08/12/2020,15.69
559,39,09/12/2020,15.71
560,39,10/12/2020,15.72
561,39,11/12/2020,15.8
562,39,12/12/2020,15.86
563,39,13/12/2020,15.79
564,39,14/12/2020,15.85
565,39,15/12/2020,15.91
566,39,16/12/2020,15.93
567,39,17/12/2020,15.96
568,39,18/12/2020,16
569,39,19/12/2020,16.02
570,39,20/12/2020,16.09
571,39,21/12/2020,16.15
572,39,22/12/2020,16.23
573,39,23/12/2020,16.33
574,39,24/12/2020,16.3
575,39,25/12/2020,16.25
576,39,26/12/2020,16.27
577,39,27/12/2020,16.33
578,39,28/12/2020,16.31
579,39,29/12/2020,16.39
580,39,30/12/2020,16.48
581,39,31/12/2020,16.55
582,39,01/01/2021,16.56
583,39,02/01/2021,16.55
584,39,03/01/2021,16.65
585,39,04/01/2021,16.72
586,39,05/01/2021,16.8
587,39,06/01/2021,16.86
588,39,07/01/2021,16.87
589,39,08/01/2021,16.89
590,39,09/01/2021,16.91
591,39,10/01/2021,16.92
592,39,11/01/2021,16.94
593,39,12/01/2021,17.02
594,39,13/01/2021,17.07
595,39,14/01/2021,17.13
596,39,15/01/2021,17.16
597,39,16/01/2021,17.18
598,39,17/01/2021,17.2
599,39,18/01/2021,17.24
600,39,19/01/2021,17.26
601,39,20/01/2021,17.3
602,39,21/01/2021,17.38
603,39,22/01/2021,17.37
604,39,23/01/2021,17.34
605,39,24/01/2021,17.41
606,39,25/01/2021,17.49
607,39,26/01/2021,17.52
608,39,27/01/2021,17.55
609,39,28/01/2021,17.55
610,39,29/01/2021,17.63
611,39,30/01/2021,17.66
612,39,31/01/2021,17.63
613,39,01/02/2021,17.69
614,39,02/02/2021,17.79
615,39,03/02/2021,17.85
616,39,04/02/2021,17.92
617,39,05/02/2021,17.92
618,39,06/02/2021,17.89
619,39,07/02/2021,17.81
620,39,08/02/2021,17.76
621,39,09/02/2021,17.81
622,39,10/02/2021,17.88
623,39,11/02/2021,17.94
624,39,12/02/2021,17.94
625,39,13/02/2021,17.99
626,39,14/02/2021,18.07
627,39,15/02/2021,18.13
628,39,16/02/2021,18.13
629,39,17/02/2021,18.13
630,39,18/02/2021,18.18
631,39,19/02/2021,18.21
632,39,20/02/2021,18.28
633,39,21/02/2021,18.29
634,39,22/02/2021,18.34
635,39,23/02/2021,18.46
636,39,24/02/2021,18.41
637,39,25/02/2021,18.32
638,39,26/02/2021,18.37
639,39,27/02/2021,18.4
640,39,28/02/2021,18.38
641,39,01/03/2021,18.39
642,39,02/03/2021,18.45
643,39,03/03/2021,18.48
644,39,04/03/2021,18.45
645,39,05/03/2021,18.46
646,39,06/03/2021,18.52
647,39,07/03/2021,18.6
648,39,08/03/2021,18.64
649,39,09/03/2021,18.58
650,39,10/03/2021,18.63
651,39,11/03/2021,18.56
652,39,12/03/2021,18.54
653,39,13/03/2021,18.6
654,39,14/03/2021,18.7
655,39,15/03/2021,18.65
656,39,16/03/2021,18.65
657,39,17/03/2021,18.74
658,39,18/03/2021,18.72
659,39,19/03/2021,18.75
660,39,20/03/2021,18.74
661,40,05/05/2016,-10.92
662,40,06/05/2016,-10.89
663,40,07/05/2016,-10.94
664,40,08/05/2016,-10.84
665,40,09/05/2016,-10.72
666,40,10/05/2016,-10.72
667,40,11/05/2016,-10.92
668,40,12/05/2016,-10.89
669,40,13/05/2016,-10.87
670,40,14/05/2016,-10.92
671,40,15/05/2016,-10.89
672,40,16/05/2016,-10.79
673,40,17/05/2016,-10.77
674,40,18/05/2016,-10.72
675,40,19/05/2016,-10.65
676,40,20/05/2016,-10.72
677,40,21/05/2016,-10.72
678,40,22/05/2016,-10.72
679,40,23/05/2016,-10.62
680,40,24/05/2016,-10.62
681,40,25/05/2016,-10.62
682,40,26/05/2016,-10.92
683,40,27/05/2016,-10.82
684,40,28/05/2016,-10.72
685,40,29/05/2016,-10.82
686,40,30/05/2016,-11.02
687,40,31/05/2016,-11.12
688,40,11/07/2017,-14.404
689,40,12/07/2017,-14.105
690,40,13/07/2017,-14.105
691,40,14/07/2017,-14.404
692,40,15/07/2017,-14.404
693,40,17/07/2017,-14.105
694,40,18/07/2017,-14.105
695,40,19/07/2017,-14.005
696,40,20/07/2017,-14.105
697,40,21/07/2017,-14.305
698,40,22/07/2017,-14.404
699,40,23/07/2017,-14.205
700,40,24/07/2017,-14.404
701,40,25/07/2017,-14.105
702,40,26/07/2017,-14.305
703,40,27/07/2017,-14.305
704,40,28/07/2017,-14.205
705,40,29/07/2017,-14.205
706,40,30/07/2017,-14.205
707,40,31/07/2017,-14.504
708,40,01/08/2017,-14.205
709,40,02/08/2017,-14.105
710,40,03/08/2017,-14.205
711,40,04/08/2017,-14.404
712,40,05/08/2017,-14.404
713,40,06/08/2017,-14.305
714,40,07/08/2017,-14.305
715,40,08/08/2017,-14.305
716,40,09/08/2017,-14.205
717,40,10/08/2017,-14.305
718,40,11/08/2017,-14.205
719,40,12/08/2017,-14.305
720,40,13/08/2017,-14.205
721,40,14/08/2017,-14.404
722,40,15/08/2017,-14.404
723,40,16/08/2017,-14.504
724,40,18/08/2017,-14.903
725,40,19/08/2017,-14.704
726,40,20/08/2017,-14.404
727,40,21/08/2017,-14.404
728,40,22/08/2017,-14.404
729,40,23/08/2017,-14.704
730,40,24/08/2017,-14.603
731,40,26/08/2017,-14.603
732,40,27/08/2017,-14.803
733,40,28/08/2017,-14.704
734,40,29/08/2017,-14.404
735,40,31/08/2017,-14.504
736,40,01/09/2017,-14.603
737,40,02/09/2017,-14.504
738,40,03/09/2017,-14.803
739,40,04/09/2017,-14.704
740,40,05/09/2017,-14.504
741,40,06/09/2017,-14.305
742,40,07/09/2017,-14.305
743,40,08/09/2017,-14.704
744,40,09/09/2017,-14.803
745,40,10/09/2017,-14.603
746,40,12/09/2017,-15.002
747,40,13/09/2017,-14.704
748,40,15/09/2017,-14.504
749,40,16/09/2017,-14.603
750,40,17/09/2017,-14.704
751,40,18/09/2017,-14.603
752,40,19/09/2017,-14.504
753,40,20/09/2017,-14.704
754,40,21/09/2017,-14.903
755,40,22/09/2017,-14.603
756,40,23/09/2017,-14.903
757,40,24/09/2017,-14.903
758,40,25/09/2017,-14.704
759,40,26/09/2017,-14.903
760,40,27/09/2017,-15.002
761,40,28/09/2017,-14.803
762,40,29/09/2017,-14.704
763,40,01/10/2017,-14.903
764,40,02/10/2017,-15.002
765,40,03/10/2017,-15.002
766,40,04/10/2017,-14.704
767,40,05/10/2017,-14.603
768,40,06/10/2017,-15.103
769,40,07/10/2017,-14.803
770,40,08/10/2017,-14.903
771,40,09/10/2017,-15.002
772,40,10/10/2017,-15.002
773,40,11/10/2017,-15.103
774,40,12/10/2017,-15.002
775,40,13/10/2017,-14.803
776,40,14/10/2017,-14.603
777,40,15/10/2017,-14.603
778,40,16/10/2017,-14.803
779,40,17/10/2017,-14.903
780,40,18/10/2017,-15.103
781,40,19/10/2017,-14.704
782,40,20/10/2017,-14.803
783,40,21/10/2017,-14.704
784,40,22/10/2017,-14.803
785,40,23/10/2017,-14.803
786,40,24/10/2017,-15.002
787,40,25/10/2017,-14.903
788,40,26/10/2017,-15.103
789,40,27/10/2017,-15.002
790,40,28/10/2017,-15.202
791,40,29/10/2017,-15.302
792,40,30/10/2017,-15.202
793,40,31/10/2017,-14.903
794,40,01/09/2019,-18.26
795,40,02/09/2019,-18.27
796,40,03/09/2019,-18.16
797,40,04/09/2019,-18.3
798,40,05/09/2019,-18.23
799,40,06/09/2019,-18.25
800,40,07/09/2019,-18.07
801,40,08/09/2019,-18.1
802,40,09/09/2019,-18.07
803,40,10/09/2019,-18.2
804,40,11/09/2019,-18.22
805,40,12/09/2019,-17.98
806,40,13/09/2019,-17.95
807,40,14/09/2019,-18.23
808,40,15/09/2019,-18.4
809,40,16/09/2019,-18.43
810,40,17/09/2019,-18.47
811,40,26/09/2019,-18.5
812,40,27/09/2019,-18.3
813,40,28/09/2019,-18.4
814,40,29/09/2019,-18.5
815,40,30/09/2019,-18.27
816,40,08/06/2020,-19.83
817,40,14/06/2020,-19.25
818,40,15/06/2020,-19.29
819,40,16/06/2020,-19.32
820,40,17/06/2020,-19.35
821,40,18/06/2020,-19.3
822,40,19/06/2020,-19.17
823,40,20/06/2020,-19.15
824,40,21/06/2020,-19.23
825,40,22/06/2020,-19.45
826,40,23/06/2020,-19.47
827,40,24/06/2020,-19.44
828,40,25/06/2020,-19.5
829,40,26/06/2020,-19.47
830,40,27/06/2020,-19.44
831,40,28/06/2020,-19.41
832,40,29/06/2020,-19.38
833,40,30/06/2020,-19.44
834,40,01/07/2020,-19.4
835,40,02/07/2020,-19.37
836,40,03/07/2020,-19.3
837,40,04/07/2020,-19.27
838,40,05/07/2020,-19.41
839,40,06/07/2020,-19.48
840,40,07/07/2020,-19.56
841,40,08/07/2020,-19.8
842,40,09/07/2020,-19.8
843,40,10/07/2020,-19.59
844,40,11/07/2020,-19.4
845,40,12/07/2020,-19.5
846,40,13/07/2020,-19.35
847,40,14/07/2020,-19.42
848,40,15/07/2020,-19.17
849,40,16/07/2020,-19.06
850,40,17/07/2020,-19.16
851,40,18/07/2020,-19.27
852,40,19/07/2020,-19.39
853,40,20/07/2020,-19.51
854,40,21/07/2020,-19.5
855,40,22/07/2020,-19.45
856,40,23/07/2020,-19.49
857,40,24/07/2020,-19.53
858,40,25/07/2020,-19.48
859,40,26/07/2020,-19.45
860,40,27/07/2020,-19.54
861,40,28/07/2020,-19.62
862,40,29/07/2020,-19.54
863,40,30/07/2020,-19.38
864,40,31/07/2020,-19.24
865,40,01/08/2020,-19.35
866,40,02/08/2020,-19.39
867,40,03/08/2020,-19.34
868,40,04/08/2020,-19.46
869,40,05/08/2020,-19.29
870,40,06/08/2020,-19.32
871,40,07/08/2020,-19.54
872,40,08/08/2020,-19.37
873,40,09/08/2020,-19.38
874,40,10/08/2020,-19.57
875,40,11/08/2020,-19.36
876,40,12/08/2020,-19.36
877,40,13/08/2020,-19.55
878,40,14/08/2020,-19.86
879,40,15/08/2020,-19.74
880,40,16/08/2020,-19.77
881,40,17/08/2020,-19.5
882,40,18/08/2020,-19.49
883,40,19/08/2020,-19.71
884,40,20/08/2020,-19.7
885,40,21/08/2020,-19.63
886,40,22/08/2020,-19.64
887,40,23/08/2020,-19.86
888,40,24/08/2020,-19.96
889,40,25/08/2020,-19.7
890,40,26/08/2020,-19.59
891,40,27/08/2020,-19.62
892,40,28/08/2020,-19.69
893,40,29/08/2020,-19.53
894,40,30/08/2020,-19.45
895,40,31/08/2020,-19.58
896,40,01/09/2020,-19.85
897,40,02/09/2020,-19.75
898,40,03/09/2020,-19.69
899,40,04/09/2020,-19.37
900,40,05/09/2020,-19.52
901,40,06/09/2020,-20.02
902,40,07/09/2020,-19.92
903,40,08/09/2020,-19.61
904,40,09/09/2020,-19.59
905,40,10/09/2020,-19.73
906,40,11/09/2020,-19.91
907,40,12/09/2020,-19.68
908,40,13/09/2020,-19.54
909,40,14/09/2020,-19.63
910,40,15/09/2020,-19.6
911,40,16/09/2020,-19.6
912,40,17/09/2020,-19.8
913,40,18/09/2020,-19.67
914,40,19/09/2020,-19.73
915,40,20/09/2020,-19.69
916,40,21/09/2020,-19.85
917,40,22/09/2020,-19.69
918,40,23/09/2020,-19.74
919,40,24/09/2020,-19.84
920,40,25/09/2020,-19.71
921,40,26/09/2020,-19.82
922,40,27/09/2020,-19.79
923,40,28/09/2020,-19.71
924,40,29/09/2020,-19.75
925,40,30/09/2020,-19.79
926,40,01/10/2020,-19.74
927,40,02/10/2020,-19.73
928,40,03/10/2020,-19.69
929,40,04/10/2020,-19.82
930,40,05/10/2020,-19.78
931,40,06/10/2020,-19.89
932,40,07/10/2020,-19.95
933,40,08/10/2020,-19.79
934,40,09/10/2020,-19.64
935,40,10/10/2020,-19.7
936,40,11/10/2020,-19.89
937,40,12/10/2020,-19.91
938,40,13/10/2020,-19.84
939,40,14/10/2020,-19.98
940,40,15/10/2020,-19.81
941,40,16/10/2020,-19.85
942,40,17/10/2020,-19.91
943,40,18/10/2020,-20.11
944,40,19/10/2020,-20.04
945,40,20/10/2020,-20.03
946,40,21/10/2020,-20.09
947,40,22/10/2020,-19.78
948,40,23/10/2020,-19.71
949,40,24/10/2020,-20
950,40,25/10/2020,-20.15
951,40,26/10/2020,-20.26
952,40,27/10/2020,-20.15
953,40,28/10/2020,-20.18
954,40,29/10/2020,-19.81
955,40,30/10/2020,-19.83
956,40,31/10/2020,-19.93
957,40,01/11/2020,-20.2
958,40,02/11/2020,-20.17
959,40,03/11/2020,-19.93
960,40,04/11/2020,-20.02
961,40,05/11/2020,-20.01
962,40,06/11/2020,-19.88
963,40,07/11/2020,-19.87
964,40,08/11/2020,-19.72
965,40,09/11/2020,-19.67
966,40,10/11/2020,-19.91
967,40,11/11/2020,-20.07
968,40,12/11/2020,-20.14
969,40,13/11/2020,-19.91
970,40,14/11/2020,-20.01
971,40,15/11/2020,-20.12
972,40,16/11/2020,-20.04
973,40,17/11/2020,-20.07
974,40,18/11/2020,-20.14
975,40,19/11/2020,-20.22
976,40,20/11/2020,-20.18
977,40,21/11/2020,-20.18
978,40,22/11/2020,-20.13
979,40,23/11/2020,-19.94
980,40,24/11/2020,-19.93
981,40,25/11/2020,-20.08
982,40,26/11/2020,-20.14
983,40,27/11/2020,-20.03
984,40,28/11/2020,-20.06
985,40,29/11/2020,-20.12
986,40,30/11/2020,-20.02
987,40,01/12/2020,-20.08
988,40,02/12/2020,-20.32
989,40,03/12/2020,-20.17
990,40,04/12/2020,-20.09
991,40,05/12/2020,-20.15
992,40,06/12/2020,-20.05
993,40,07/12/2020,-19.96
994,40,08/12/2020,-19.95
995,40,09/12/2020,-20.08
996,40,10/12/2020,-20.13
997,40,11/12/2020,-20.02
998,40,12/12/2020,-20.12
999,40,13/12/2020,-20.35
1000,40,14/12/2020,-20.24
1001,40,15/12/2020,-20.24
1002,40,16/12/2020,-20.32
1003,40,17/12/2020,-20.34
1004,40,18/12/2020,-20.36
1005,40,19/12/2020,-20.36
1006,40,20/12/2020,-20.34
1007,40,21/12/2020,-20.3
1008,40,22/12/2020,-20.21
1009,40,23/12/2020,-20.2
1010,40,24/12/2020,-20.44
1011,40,25/12/2020,-20.5
1012,40,26/12/2020,-20.49
1013,40,27/12/2020,-20.51
1014,40,28/12/2020,-20.6
1015,40,29/12/2020,-20.42
1016,40,30/12/2020,-20.4
1017,40,31/12/2020,-20.4
1018,40,01/01/2021,-20.5
1019,40,02/01/2021,-20.57
1020,40,03/01/2021,-20.43
1021,40,04/01/2021,-20.48
1022,40,05/01/2021,-20.36
1023,40,06/01/2021,-20.39
1024,40,07/01/2021,-20.44
1025,40,08/01/2021,-20.51
1026,40,09/01/2021,-20.49
1027,40,10/01/2021,-20.61
1028,40,11/01/2021,-20.5
1029,40,12/01/2021,-20.46
1030,40,13/01/2021,-20.46
1031,40,14/01/2021,-20.44
1032,40,15/01/2021,-20.45
1033,40,16/01/2021,-20.54
1034,40,17/01/2021,-20.51
1035,40,18/01/2021,-20.49
1036,40,19/01/2021,-20.55
1037,40,20/01/2021,-20.48
1038,40,21/01/2021,-20.43
1039,40,22/01/2021,-20.66
1040,40,23/01/2021,-20.59
1041,40,24/01/2021,-20.49
1042,40,25/01/2021,-20.5
1043,40,26/01/2021,-20.51
1044,40,27/01/2021,-20.51
1045,40,28/01/2021,-20.61
1046,40,29/01/2021,-20.45
1047,40,30/01/2021,-20.55
1048,40,31/01/2021,-20.64
1049,40,01/02/2021,-20.44
1050,40,02/02/2021,-20.4
1051,40,03/02/2021,-20.39
1052,40,04/02/2021,-20.37
1053,40,05/02/2021,-20.49
1054,40,06/02/2021,-20.6
1055,40,07/02/2021,-20.81
1056,40,08/02/2021,-20.86
1057,40,09/02/2021,-20.75
1058,40,10/02/2021,-20.71
1059,40,11/02/2021,-20.69
1060,40,12/02/2021,-20.74
1061,40,13/02/2021,-20.65
1062,40,14/02/2021,-20.56
1063,40,15/02/2021,-20.54
1064,40,16/02/2021,-20.69
1065,40,17/02/2021,-20.68
1066,40,18/02/2021,-20.67
1067,40,19/02/2021,-20.59
1068,40,20/02/2021,-20.61
1069,40,21/02/2021,-20.62
1070,40,22/02/2021,-20.5
1071,40,23/02/2021,-20.37
1072,40,24/02/2021,-20.65
1073,40,25/02/2021,-20.8
1074,40,26/02/2021,-20.6
1075,40,27/02/2021,-20.7
1076,40,28/02/2021,-20.84
1077,40,01/03/2021,-20.76
1078,40,02/03/2021,-20.7
1079,40,03/03/2021,-20.77
1080,40,04/03/2021,-20.87
1081,40,05/03/2021,-20.82
1082,40,06/03/2021,-20.65
1083,40,07/03/2021,-20.62
1084,40,08/03/2021,-20.62
1085,40,09/03/2021,-20.77
1086,40,10/03/2021,-20.71
1087,40,11/03/2021,-20.87
1088,40,12/03/2021,-20.92
1089,40,13/03/2021,-20.7
1090,40,14/03/2021,-20.76
1091,40,15/03/2021,-20.88
1092,40,16/03/2021,-20.84
1093,40,17/03/2021,-20.72
1094,40,18/03/2021,-20.68
1095,40,19/03/2021,-20.78
1096,40,20/03/2021,-20.73
1097,41,05/05/2016,-1.77
1098,41,06/05/2016,-1.77
1099,41,07/05/2016,-1.86
1100,41,08/05/2016,-1.79
1101,41,09/05/2016,-1.86
1102,41,10/05/2016,-1.86
1103,41,11/05/2016,-1.86
1104,41,12/05/2016,-1.93
1105,41,13/05/2016,-1.98
1106,41,14/05/2016,-2.02
1107,41,15/05/2016,-2.09
1108,41,16/05/2016,-2.07
1109,41,17/05/2016,-2.02
1110,41,18/05/2016,-2.02
1111,41,19/05/2016,-2.04
1112,41,20/05/2016,-2.04
1113,41,21/05/2016,-2.04
1114,41,22/05/2016,-2.04
1115,41,23/05/2016,-1.86
1116,41,24/05/2016,-2.04
1117,41,25/05/2016,-1.95
1118,41,26/05/2016,-1.95
1119,41,27/05/2016,-2.04
1120,41,28/05/2016,-2.04
1121,41,29/05/2016,-1.95
1122,41,30/05/2016,-1.95
1123,41,31/05/2016,-2.04
1124,41,01/09/2019,-14.39
1125,41,02/09/2019,-14.32
1126,41,03/09/2019,-14.21
1127,41,04/09/2019,-14.23
1128,41,05/09/2019,-14.21
1129,41,06/09/2019,-14.23
1130,41,07/09/2019,-14.07
1131,41,08/09/2019,-14.07
1132,41,09/09/2019,-13.91
1133,41,10/09/2019,-13.82
1134,41,11/09/2019,-13.91
1135,41,12/09/2019,-13.67
1136,41,13/09/2019,-13.52
1137,41,14/09/2019,-13.63
1138,41,15/09/2019,-13.82
1139,41,16/09/2019,-14.15
1140,41,17/09/2019,-14.36
1141,41,26/09/2019,-13.08
1142,41,27/09/2019,-13.02
1143,41,28/09/2019,-13.08
1144,41,29/09/2019,-13.17
1145,41,30/09/2019,-13.2
1146,41,08/06/2020,-13.33
1147,41,14/06/2020,-13.36
1148,41,15/06/2020,-13.41
1149,41,16/06/2020,-13.45
1150,41,17/06/2020,-13.54
1151,41,18/06/2020,-13.42
1152,41,19/06/2020,-13.25
1153,41,20/06/2020,-13.19
1154,41,21/06/2020,-13.21
1155,41,22/06/2020,-13.39
1156,41,23/06/2020,-13.5
1157,41,24/06/2020,-13.46
1158,41,25/06/2020,-13.48
1159,41,26/06/2020,-13.51
1160,41,27/06/2020,-13.46
1161,41,28/06/2020,-13.27
1162,41,29/06/2020,-13.15
1163,41,30/06/2020,-13.14
1164,41,01/07/2020,-13.15
1165,41,02/07/2020,-12.98
1166,41,03/07/2020,-12.78
1167,41,04/07/2020,-12.57
1168,41,05/07/2020,-12.46
1169,41,06/07/2020,-12.34
1170,41,07/07/2020,-12.25
1171,41,08/07/2020,-12.26
1172,41,09/07/2020,-12.22
1173,41,10/07/2020,-12.09
1174,41,11/07/2020,-11.83
1175,41,12/07/2020,-11.8
1176,41,13/07/2020,-11.69
1177,41,14/07/2020,-11.63
1178,41,15/07/2020,-11.52
1179,41,16/07/2020,-11.37
1180,41,17/07/2020,-11.33
1181,41,18/07/2020,-11.35
1182,41,19/07/2020,-11.38
1183,41,20/07/2020,-11.47
1184,41,21/07/2020,-11.47
1185,41,22/07/2020,-11.44
1186,41,23/07/2020,-11.42
1187,41,24/07/2020,-11.43
1188,41,25/07/2020,-11.5
1189,41,26/07/2020,-11.66
1190,41,27/07/2020,-11.83
1191,41,28/07/2020,-12.03
1192,41,29/07/2020,-12.18
1193,41,30/07/2020,-12.22
1194,41,31/07/2020,-12.21
1195,41,01/08/2020,-12.32
1196,41,02/08/2020,-12.49
1197,41,03/08/2020,-12.57
1198,41,04/08/2020,-12.72
1199,41,05/08/2020,-12.89
1200,41,06/08/2020,-12.99
1201,41,07/08/2020,-13.24
1202,41,08/08/2020,-13.34
1203,41,09/08/2020,-13.38
1204,41,10/08/2020,-13.54
1205,41,11/08/2020,-13.57
1206,41,12/08/2020,-13.61
1207,41,13/08/2020,-13.66
1208,41,14/08/2020,-13.85
1209,41,15/08/2020,-13.9
1210,41,16/08/2020,-13.94
1211,41,17/08/2020,-13.88
1212,41,18/08/2020,-13.78
1213,41,19/08/2020,-13.9
1214,41,20/08/2020,-13.94
1215,41,21/08/2020,-13.95
1216,41,22/08/2020,-14.03
1217,41,23/08/2020,-14
1218,41,24/08/2020,-13.84
1219,41,25/08/2020,-13.71
1220,41,26/08/2020,-13.61
1221,41,27/08/2020,-13.66
1222,41,28/08/2020,-13.85
1223,41,29/08/2020,-13.86
1224,41,30/08/2020,-13.83
1225,41,31/08/2020,-13.97
1226,41,01/09/2020,-14.27
1227,41,02/09/2020,-14.51
1228,41,03/09/2020,-14.65
1229,41,04/09/2020,-14.67
1230,41,05/09/2020,-14.81
1231,41,06/09/2020,-15.26
1232,41,07/09/2020,-15.5
1233,41,08/09/2020,-15.47
1234,41,09/09/2020,-15.5
1235,41,10/09/2020,-15.7
1236,41,11/09/2020,-15.95
1237,41,12/09/2020,-16.04
1238,41,13/09/2020,-16.05
1239,41,14/09/2020,-16.2
1240,41,15/09/2020,-16.31
1241,41,16/09/2020,-16.37
1242,41,17/09/2020,-16.53
1243,41,18/09/2020,-16.56
1244,41,19/09/2020,-16.59
1245,41,20/09/2020,-16.58
1246,41,21/09/2020,-16.63
1247,41,22/09/2020,-16.63
1248,41,23/09/2020,-16.59
1249,41,24/09/2020,-16.65
1250,41,25/09/2020,-16.6
1251,41,26/09/2020,-16.58
1252,41,27/09/2020,-16.61
1253,41,28/09/2020,-16.59
1254,41,29/09/2020,-16.61
1255,41,30/09/2020,-16.64
1256,41,01/10/2020,-16.63
1257,41,02/10/2020,-16.59
1258,41,03/10/2020,-16.58
1259,41,04/10/2020,-16.61
1260,41,05/10/2020,-16.63
1261,41,06/10/2020,-16.62
1262,41,07/10/2020,-16.68
1263,41,08/10/2020,-16.69
1264,41,09/10/2020,-16.63
1265,41,10/10/2020,-16.61
1266,41,11/10/2020,-16.66
1267,41,12/10/2020,-16.72
1268,41,13/10/2020,-16.68
1269,41,14/10/2020,-16.69
1270,41,15/10/2020,-16.62
1271,41,16/10/2020,-16.54
1272,41,17/10/2020,-16.4
1273,41,18/10/2020,-16.17
1274,41,19/10/2020,-15.9
1275,41,20/10/2020,-15.57
1276,41,21/10/2020,-15.28
1277,41,22/10/2020,-14.84
1278,41,23/10/2020,-14.46
1279,41,24/10/2020,-14.27
1280,41,25/10/2020,-14.08
1281,41,26/10/2020,-13.94
1282,41,27/10/2020,-13.72
1283,41,28/10/2020,-13.51
1284,41,29/10/2020,-13.15
1285,41,30/10/2020,-12.92
1286,41,31/10/2020,-12.77
1287,41,01/11/2020,-12.73
1288,41,02/11/2020,-12.61
1289,41,03/11/2020,-12.35
1290,41,04/11/2020,-12.16
1291,41,05/11/2020,-12.03
1292,41,06/11/2020,-11.81
1293,41,07/11/2020,-11.62
1294,41,08/11/2020,-11.45
1295,41,09/11/2020,-11.25
1296,41,10/11/2020,-11.23
1297,41,11/11/2020,-11.2
1298,41,12/11/2020,-11.15
1299,41,13/11/2020,-10.97
1300,41,14/11/2020,-10.82
1301,41,15/11/2020,-10.79
1302,41,16/11/2020,-10.68
1303,41,17/11/2020,-10.54
1304,41,18/11/2020,-10.48
1305,41,19/11/2020,-10.41
1306,41,20/11/2020,-10.32
1307,41,21/11/2020,-10.2
1308,41,22/11/2020,-10.07
1309,41,23/11/2020,-9.92
1310,41,24/11/2020,-9.73
1311,41,25/11/2020,-9.69
1312,41,26/11/2020,-9.67
1313,41,27/11/2020,-9.59
1314,41,28/11/2020,-9.49
1315,41,29/11/2020,-9.45
1316,41,30/11/2020,-9.32
1317,41,01/12/2020,-9.24
1318,41,02/12/2020,-9.29
1319,41,03/12/2020,-9.2
1320,41,04/12/2020,-9.07
1321,41,05/12/2020,-8.96
1322,41,06/12/2020,-8.87
1323,41,07/12/2020,-8.74
1324,41,08/12/2020,-8.62
1325,41,09/12/2020,-8.58
1326,41,10/12/2020,-8.58
1327,41,11/12/2020,-8.5
1328,41,12/12/2020,-8.41
1329,41,13/12/2020,-8.48
1330,41,14/12/2020,-8.44
1331,41,15/12/2020,-8.35
1332,41,16/12/2020,-8.33
1333,41,17/12/2020,-8.3
1334,41,18/12/2020,-8.26
1335,41,19/12/2020,-8.24
1336,41,20/12/2020,-8.16
1337,41,21/12/2020,-8.09
1338,41,22/12/2020,-7.99
1339,41,23/12/2020,-7.88
1340,41,24/12/2020,-7.93
1341,41,25/12/2020,-7.97
1342,41,26/12/2020,-7.95
1343,41,27/12/2020,-7.88
1344,41,28/12/2020,-7.9
1345,41,29/12/2020,-7.82
1346,41,30/12/2020,-7.7
1347,41,31/12/2020,-7.62
1348,41,01/01/2021,-7.6
1349,41,02/01/2021,-7.61
1350,41,03/01/2021,-7.5
1351,41,04/01/2021,-7.41
1352,41,05/01/2021,-7.33
1353,41,06/01/2021,-7.25
1354,41,07/01/2021,-7.23
1355,41,08/01/2021,-7.23
1356,41,09/01/2021,-7.22
1357,41,10/01/2021,-7.2
1358,41,11/01/2021,-7.17
1359,41,12/01/2021,-7.08
1360,41,13/01/2021,-7.03
1361,41,14/01/2021,-6.98
1362,41,15/01/2021,-6.94
1363,41,16/01/2021,-6.93
1364,41,17/01/2021,-6.9
1365,41,18/01/2021,-6.86
1366,41,19/01/2021,-6.82
1367,41,20/01/2021,-6.8
1368,41,21/01/2021,-6.71
1369,41,22/01/2021,-6.73
1370,41,23/01/2021,-6.76
1371,41,24/01/2021,-6.68
1372,41,25/01/2021,-6.6
1373,41,26/01/2021,-6.56
1374,41,27/01/2021,-6.52
1375,41,28/01/2021,-6.54
1376,41,29/01/2021,-6.48
1377,41,30/01/2021,-6.42
1378,41,31/01/2021,-6.46
1379,41,01/02/2021,-6.39
1380,41,02/02/2021,-6.29
1381,41,03/02/2021,-6.23
1382,41,04/02/2021,-6.16
1383,41,05/02/2021,-6.17
1384,41,06/02/2021,-6.2
1385,41,07/02/2021,-6.26
1386,41,08/02/2021,-6.35
1387,41,09/02/2021,-6.29
1388,41,10/02/2021,-6.2
1389,41,11/02/2021,-6.15
1390,41,12/02/2021,-6.14
1391,41,13/02/2021,-6.09
1392,41,14/02/2021,-6
1393,41,15/02/2021,-5.94
1394,41,16/02/2021,-5.94
1395,41,17/02/2021,-5.96
1396,41,18/02/2021,-5.9
1397,41,19/02/2021,-5.88
1398,41,20/02/2021,-5.81
1399,41,21/02/2021,-5.79
1400,41,22/02/2021,-5.74
1401,41,23/02/2021,-5.63
1402,41,24/02/2021,-5.65
1403,41,25/02/2021,-5.76
1404,41,26/02/2021,-5.73
1405,41,27/02/2021,-5.68
1406,41,28/02/2021,-5.72
1407,41,01/03/2021,-5.7
1408,41,02/03/2021,-5.64
1409,41,03/03/2021,-5.61
1410,41,04/03/2021,-5.64
1411,41,05/03/2021,-5.64
1412,41,06/03/2021,-5.56
1413,41,07/03/2021,-5.48
1414,41,08/03/2021,-5.43
1415,41,09/03/2021,-5.5
1416,41,10/03/2021,-5.46
1417,41,11/03/2021,-5.46
1418,41,12/03/2021,-5.54
1419,41,13/03/2021,-5.49
1420,41,14/03/2021,-5.41
1421,41,15/03/2021,-5.41
1422,41,16/03/2021,-5.45
1423,41,17/03/2021,-5.38
1424,41,18/03/2021,-5.32
1425,41,19/03/2021,-5.3
1426,41,20/03/2021,-5.32
1427,42,05/05/2016,16.34
1428,42,06/05/2016,16.36
1429,42,07/05/2016,16.32
1430,42,08/05/2016,16.3
1431,42,09/05/2016,16.26
1432,42,10/05/2016,16.36
1433,42,11/05/2016,16.34
1434,42,12/05/2016,16.28
1435,42,13/05/2016,16.3
1436,42,14/05/2016,16.3
1437,42,15/05/2016,16.26
1438,42,16/05/2016,16.28
1439,42,17/05/2016,16.32
1440,42,18/05/2016,16.39
1441,42,19/05/2016,16.34
1442,42,20/05/2016,16.43
1443,42,21/05/2016,16.43
1444,42,22/05/2016,16.52
1445,42,23/05/2016,16.52
1446,42,24/05/2016,16.6
1447,42,25/05/2016,16.6
1448,42,26/05/2016,16.6
1449,42,27/05/2016,16.6
1450,42,28/05/2016,16.6
1451,42,29/05/2016,16.6
1452,42,30/05/2016,16.52
1453,42,31/05/2016,16.52
1454,42,01/09/2019,3.77
1455,42,02/09/2019,3.76
1456,42,03/09/2019,3.83
1457,42,04/09/2019,3.8
1458,42,05/09/2019,3.89
1459,42,06/09/2019,3.82
1460,42,07/09/2019,4
1461,42,08/09/2019,4.04
1462,42,09/09/2019,4.17
1463,42,10/09/2019,4.19
1464,42,11/09/2019,4.15
1465,42,12/09/2019,4.36
1466,42,13/09/2019,4.45
1467,42,14/09/2019,4.39
1468,42,15/09/2019,4.19
1469,42,16/09/2019,3.89
1470,42,17/09/2019,3.69
1471,42,26/09/2019,4.89
1472,42,27/09/2019,4.99
1473,42,28/09/2019,4.84
1474,42,29/09/2019,4.76
1475,42,30/09/2019,4.76
1476,42,08/06/2020,4.52
1477,42,14/06/2020,4.5
1478,42,15/06/2020,4.48
1479,42,16/06/2020,4.41
1480,42,17/06/2020,4.33
1481,42,18/06/2020,4.46
1482,42,19/06/2020,4.63
1483,42,20/06/2020,4.7
1484,42,21/06/2020,4.66
1485,42,22/06/2020,4.48
1486,42,23/06/2020,4.37
1487,42,24/06/2020,4.41
1488,42,25/06/2020,4.39
1489,42,26/06/2020,4.34
1490,42,27/06/2020,4.41
1491,42,28/06/2020,4.62
1492,42,29/06/2020,4.73
1493,42,30/06/2020,4.75
1494,42,01/07/2020,4.74
1495,42,02/07/2020,4.92
1496,42,03/07/2020,5.13
1497,42,04/07/2020,5.34
1498,42,05/07/2020,5.47
1499,42,06/07/2020,5.58
1500,42,07/07/2020,5.7
1501,42,08/07/2020,5.66
1502,42,09/07/2020,5.7
1503,42,10/07/2020,5.84
1504,42,11/07/2020,6.1
1505,42,12/07/2020,6.12
1506,42,13/07/2020,6.24
1507,42,14/07/2020,6.3
1508,42,15/07/2020,6.38
1509,42,16/07/2020,6.54
1510,42,17/07/2020,6.59
1511,42,18/07/2020,6.57
1512,42,19/07/2020,6.52
1513,42,20/07/2020,6.45
1514,42,21/07/2020,6.44
1515,42,22/07/2020,6.49
1516,42,23/07/2020,6.5
1517,42,24/07/2020,6.48
1518,42,25/07/2020,6.39
1519,42,26/07/2020,6.22
1520,42,27/07/2020,6.04
1521,42,28/07/2020,5.83
1522,42,29/07/2020,5.67
1523,42,30/07/2020,5.65
1524,42,31/07/2020,5.65
1525,42,01/08/2020,5.51
1526,42,02/08/2020,5.35
1527,42,03/08/2020,5.27
1528,42,04/08/2020,5.1
1529,42,05/08/2020,4.91
1530,42,06/08/2020,4.8
1531,42,07/08/2020,4.52
1532,42,08/08/2020,4.44
1533,42,09/08/2020,4.38
1534,42,10/08/2020,4.2
1535,42,11/08/2020,4.2
1536,42,12/08/2020,4.17
1537,42,13/08/2020,4.09
1538,42,14/08/2020,3.89
1539,42,15/08/2020,3.84
1540,42,16/08/2020,3.81
1541,42,17/08/2020,3.85
1542,42,18/08/2020,3.98
1543,42,19/08/2020,3.84
1544,42,20/08/2020,3.79
1545,42,21/08/2020,3.8
1546,42,22/08/2020,3.72
1547,42,23/08/2020,3.76
1548,42,24/08/2020,3.92
1549,42,25/08/2020,4.06
1550,42,26/08/2020,4.15
1551,42,27/08/2020,4.07
1552,42,28/08/2020,3.88
1553,42,29/08/2020,3.87
1554,42,30/08/2020,3.88
1555,42,31/08/2020,3.75
1556,42,01/09/2020,3.42
1557,42,02/09/2020,3.2
1558,42,03/09/2020,3.04
1559,42,04/09/2020,3.02
1560,42,05/09/2020,2.87
1561,42,06/09/2020,2.43
1562,42,07/09/2020,2.21
1563,42,08/09/2020,2.25
1564,42,09/09/2020,2.2
1565,42,10/09/2020,2
1566,42,11/09/2020,1.77
1567,42,12/09/2020,1.7
1568,42,13/09/2020,1.7
1569,42,14/09/2020,1.54
1570,42,15/09/2020,1.43
1571,42,16/09/2020,1.38
1572,42,17/09/2020,1.21
1573,42,18/09/2020,1.2
1574,42,19/09/2020,1.15
1575,42,20/09/2020,1.17
1576,42,21/09/2020,1.13
1577,42,22/09/2020,1.12
1578,42,23/09/2020,1.14
1579,42,24/09/2020,1.08
1580,42,25/09/2020,1.14
1581,42,26/09/2020,1.16
1582,42,27/09/2020,1.11
1583,42,28/09/2020,1.12
1584,42,29/09/2020,1.12
1585,42,30/09/2020,1.08
1586,42,01/10/2020,1.1
1587,42,02/10/2020,1.1
1588,42,03/10/2020,1.11
1589,42,04/10/2020,1.09
1590,42,05/10/2020,1.08
1591,42,06/10/2020,1.07
1592,42,07/10/2020,0.99
1593,42,08/10/2020,0.99
1594,42,09/10/2020,1.04
1595,42,10/10/2020,1.08
1596,42,11/10/2020,1
1597,42,12/10/2020,0.96
1598,42,13/10/2020,1.01
1599,42,14/10/2020,0.95
1600,42,15/10/2020,1
1601,42,16/10/2020,1.07
1602,42,17/10/2020,1.24
1603,42,18/10/2020,1.5
1604,42,19/10/2020,1.77
1605,42,20/10/2020,2.11
1606,42,21/10/2020,2.37
1607,42,22/10/2020,2.82
1608,42,23/10/2020,3.21
1609,42,24/10/2020,3.42
1610,42,25/10/2020,3.61
1611,42,26/10/2020,3.75
1612,42,27/10/2020,4
1613,42,28/10/2020,4.21
1614,42,29/10/2020,4.58
1615,42,30/10/2020,4.83
1616,42,31/10/2020,4.99
1617,42,01/11/2020,5.04
1618,42,02/11/2020,5.16
1619,42,03/11/2020,5.42
1620,42,04/11/2020,5.64
1621,42,05/11/2020,5.77
1622,42,06/11/2020,5.99
1623,42,07/11/2020,6.17
1624,42,08/11/2020,6.35
1625,42,09/11/2020,6.55
1626,42,10/11/2020,6.6
1627,42,11/11/2020,6.61
1628,42,12/11/2020,6.66
1629,42,13/11/2020,6.86
1630,42,14/11/2020,7
1631,42,15/11/2020,7.04
1632,42,16/11/2020,7.13
1633,42,17/11/2020,7.28
1634,42,18/11/2020,7.33
1635,42,19/11/2020,7.4
1636,42,20/11/2020,7.49
1637,42,21/11/2020,7.63
1638,42,22/11/2020,7.75
1639,42,23/11/2020,7.9
1640,42,24/11/2020,8.07
1641,42,25/11/2020,8.12
1642,42,26/11/2020,8.12
1643,42,27/11/2020,8.23
1644,42,28/11/2020,8.34
1645,42,29/11/2020,8.35
1646,42,30/11/2020,8.47
1647,42,01/12/2020,8.57
1648,42,02/12/2020,8.52
1649,42,03/12/2020,8.59
1650,42,04/12/2020,8.77
1651,42,05/12/2020,8.85
1652,42,06/12/2020,8.96
1653,42,07/12/2020,9.08
1654,42,08/12/2020,9.21
1655,42,09/12/2020,9.24
1656,42,10/12/2020,9.25
1657,42,11/12/2020,9.33
1658,42,12/12/2020,9.42
1659,42,13/12/2020,9.34
1660,42,14/12/2020,9.38
1661,42,15/12/2020,9.47
1662,42,16/12/2020,9.5
1663,42,17/12/2020,9.54
1664,42,18/12/2020,9.58
1665,42,19/12/2020,9.61
1666,42,20/12/2020,9.69
1667,42,21/12/2020,9.76
1668,42,22/12/2020,9.86
1669,42,23/12/2020,9.96
1670,42,24/12/2020,9.93
1671,42,25/12/2020,9.89
1672,42,26/12/2020,9.91
1673,42,27/12/2020,9.97
1674,42,28/12/2020,9.95
1675,42,29/12/2020,10.05
1676,42,30/12/2020,10.16
1677,42,31/12/2020,10.23
1678,42,01/01/2021,10.29
1679,42,02/01/2021,10.28
1680,42,03/01/2021,10.38
1681,42,04/01/2021,10.47
1682,42,05/01/2021,10.56
1683,42,06/01/2021,10.64
1684,42,07/01/2021,10.64
1685,42,08/01/2021,10.67
1686,42,09/01/2021,10.68
1687,42,10/01/2021,10.69
1688,42,11/01/2021,10.71
1689,42,12/01/2021,10.82
1690,42,13/01/2021,10.88
1691,42,14/01/2021,10.91
1692,42,15/01/2021,10.97
1693,42,16/01/2021,10.98
1694,42,17/01/2021,10.99
1695,42,18/01/2021,11.05
1696,42,19/01/2021,11.09
1697,42,20/01/2021,11.11
1698,42,21/01/2021,11.21
1699,42,22/01/2021,11.17
1700,42,23/01/2021,11.15
1701,42,24/01/2021,11.24
1702,42,25/01/2021,11.32
1703,42,26/01/2021,11.36
1704,42,27/01/2021,11.4
1705,42,28/01/2021,11.38
1706,42,29/01/2021,11.46
1707,42,30/01/2021,11.49
1708,42,31/01/2021,11.46
1709,42,01/02/2021,11.54
1710,42,02/02/2021,11.65
1711,42,03/02/2021,11.7
1712,42,04/02/2021,11.78
1713,42,05/02/2021,11.76
1714,42,06/02/2021,11.75
1715,42,07/02/2021,11.66
1716,42,08/02/2021,11.6
1717,42,09/02/2021,11.66
1718,42,10/02/2021,11.74
1719,42,11/02/2021,11.78
1720,42,12/02/2021,11.79
1721,42,13/02/2021,11.86
1722,42,14/02/2021,11.96
1723,42,15/02/2021,12.02
1724,42,16/02/2021,12.02
1725,42,17/02/2021,12
1726,42,18/02/2021,12.04
1727,42,19/02/2021,12.08
1728,42,20/02/2021,12.14
1729,42,21/02/2021,12.16
1730,42,22/02/2021,12.22
1731,42,23/02/2021,12.34
1732,42,24/02/2021,12.33
1733,42,25/02/2021,12.21
1734,42,26/02/2021,12.24
1735,42,27/02/2021,12.28
1736,42,28/02/2021,12.25
1737,42,01/03/2021,12.26
1738,42,02/03/2021,12.32
1739,42,03/03/2021,12.36
1740,42,04/03/2021,12.32
1741,42,05/03/2021,12.33
1742,42,06/03/2021,12.4
1743,42,07/03/2021,12.49
1744,42,08/03/2021,12.53
1745,42,09/03/2021,12.5
1746,42,10/03/2021,12.55
1747,42,11/03/2021,12.5
1748,42,12/03/2021,12.43
1749,42,13/03/2021,12.47
1750,42,14/03/2021,12.58
1751,42,15/03/2021,12.6
1752,42,16/03/2021,12.6
1753,42,17/03/2021,12.63
1754,42,18/03/2021,12.68
1755,42,19/03/2021,12.68
1756,42,20/03/2021,12.66
